delete dm_property  where classid in (select id from dm_class where componentid = 'C71C1DD3-36A0-0001-79AE-12D0131EE0F0');
delete dm_property where  CLASSID in (select id from dm_class where componentid = 'C71C1DD3-36A0-0001-79AE-12D0131EE0F0');
delete dm_enumvalue where id in (select id from dm_class where componentid = 'C71C1DD3-36A0-0001-79AE-12D0131EE0F0');
delete dm_asso where componentid='C71C1DD3-36A0-0001-79AE-12D0131EE0F0';
delete from dm_class where componentid = 'C71C1DD3-36A0-0001-79AE-12D0131EE0F0';
delete from dm_component where id = 'C71C1DD3-36A0-0001-79AE-12D0131EE0F0';
insert into dm_component (id,version,createdBy,createdTime,resID,resModule,extTag,description,name,nameSpace,preLoad,moduleid,displayName,modifiedBy,modifiedTime,industryIncrease) values ('C71C1DD3-36A0-0001-79AE-12D0131EE0F0','','','2016-06-16 20:09:17','','','','','ortmpl','bd.srv.ortpl','N','iihbd','医嘱模板','','2016-06-16 20:09:17','N');
insert into dm_class (id,createdBy,createdTime,resID,extTag,stereoType,fullClassName,name,defaulttblname,isExtendBean,isCreateSQL,isAuthen,displayName,modifiedBy,modifiedTime,bizItfImplClassName,keyattrname,keyAttr,userDefClassName,description,CLASSTYPE,COMPONENTID,ismainclass,accessorclassname) values ('C71C1DD4-60D0-0001-64C6-A7E0554C11BF','','2016-06-16 20:09:17','','','','iih.bd.srv.ortpl.d.OrTmplDO','ortmpldo','bd_srv_ortmpl','N','Y','Y','医嘱模板','','2016-06-16 20:09:17','','id_ortmpl','C71C1DD7-30F0-0001-F325-16A616608560','','',201,'C71C1DD3-36A0-0001-79AE-12D0131EE0F0','Y','xap.dp.dm.acessor.FBeanAccessor');
insert into dm_class (id,createdBy,createdTime,resID,extTag,stereoType,fullClassName,name,defaulttblname,isExtendBean,isCreateSQL,isAuthen,displayName,modifiedBy,modifiedTime,bizItfImplClassName,keyattrname,keyAttr,userDefClassName,description,CLASSTYPE,COMPONENTID,accessorclassname) values ('C71C4BDE-A9C0-0001-30AB-1E7817EC164F','','2016-06-16 20:09:17','','','','iih.bd.srv.ortpl.d.OrTplNItmDO','ortplnitmdo','bd_srv_ortmpl_itm','N','Y','Y','医嘱模板明细','','2016-06-16 20:09:17','','id_ortmplitm','C71C4BE0-F080-0001-65ED-14101B801516','','',201,'C71C1DD3-36A0-0001-79AE-12D0131EE0F0','xap.dp.dm.acessor.FBeanAccessor');
insert into dm_class (id,createdBy,createdTime,resID,extTag,fullClassName,description,name,displayName,modifiedBy,modifiedTime,modInfoClassName,CLASSTYPE,COMPONENTID,returntype) values ('C71E3BE8-9860-0001-5186-A51D156016C0','','2016-06-23 10:09:12','','','iih.bd.srv.ortpl.d.OrTplItmTypeEnum','','ortplitmtypeenum','医嘱模板明细项类型','','2016-06-23 10:09:12','',203,'C71C1DD3-36A0-0001-79AE-12D0131EE0F0','java.lang.Integer');
delete dm_property where  CLASSID = 'C71C1DD4-60D0-0001-64C6-A7E0554C11BF';
insert into dm_property (visibility,ATTRMINVALUE,proptype,isAccessPower,description,refModelName,isNullable,defaultValue,isCalculation,resID,isCustomAttr,isActive,dataFromRelInfo,refRelFldsData,ISFIXEDLEN,ISDYNAMIC,ISNOTSERIALIZE,version,id,dataTypeStyle,name,ATTRLEN,isReadOnly,ATTRMAXVALUE,deCode,accessorClassName,extTag,accessPowerGroup,dataType,SEQNO,dataFrom,displayName,precise,isHide,classid) values ('','',4,'','','','N','','N','','','N','','','N','N','N','','C71C1DD7-30F0-0001-F325-16A616608560',300,'id_ortmpl','20','N','','','','','','BS000010000100001051','1','','医嘱模板主键标识','','N','C71C1DD4-60D0-0001-64C6-A7E0554C11BF');
insert into dm_property (visibility,ATTRMINVALUE,proptype,isAccessPower,description,refModelName,isNullable,defaultValue,isCalculation,resID,isCustomAttr,isActive,dataFromRelInfo,refRelFldsData,ISFIXEDLEN,ISDYNAMIC,ISNOTSERIALIZE,version,id,dataTypeStyle,name,ATTRLEN,isReadOnly,ATTRMAXVALUE,deCode,accessorClassName,extTag,accessPowerGroup,dataType,SEQNO,dataFrom,displayName,precise,isHide,classid) values ('','',1,'','','','Y','','N','','','N','','','N','N','N','','C71C1DD7-3D50-0001-74CB-1980B4D01842',305,'id_grp','20','N','','','','','','C6990784-37D0-0001-1DC9-16D027461C67','2','','所属集团','','N','C71C1DD4-60D0-0001-64C6-A7E0554C11BF');
insert into dm_property (visibility,ATTRMINVALUE,proptype,isAccessPower,description,refModelName,isNullable,defaultValue,isCalculation,resID,isCustomAttr,isActive,dataFromRelInfo,refRelFldsData,ISFIXEDLEN,ISDYNAMIC,ISNOTSERIALIZE,version,id,dataTypeStyle,name,ATTRLEN,isReadOnly,ATTRMAXVALUE,deCode,accessorClassName,extTag,accessPowerGroup,dataType,SEQNO,dataFrom,displayName,precise,isHide,classid) values ('','',1,'','','REF_SYS_ORG_TREE','Y','','N','','','N','','','N','N','N','','C71C1DD7-49D0-0001-2095-144A76008710',305,'id_org','20','N','','','','','','C6944738-5C00-0001-4670-12201C301735','3','','所属组织','','N','C71C1DD4-60D0-0001-64C6-A7E0554C11BF');
insert into dm_property (visibility,ATTRMINVALUE,proptype,isAccessPower,description,refModelName,isNullable,defaultValue,isCalculation,resID,isCustomAttr,isActive,dataFromRelInfo,refRelFldsData,ISFIXEDLEN,ISDYNAMIC,ISNOTSERIALIZE,version,id,dataTypeStyle,name,ATTRLEN,isReadOnly,ATTRMAXVALUE,deCode,accessorClassName,extTag,accessPowerGroup,dataType,SEQNO,dataFrom,displayName,precise,isHide,classid) values ('','',1,'','','ortmpltype','Y','','N','','','N','','f696336a-5ef5-4d47-8e65-bc0f061565fd,name,名称,ortmpl_tp_name,名称,java.lang.String,varchar,bd_udidoc,id_udidoc,@@@@ZZ200000000000A7;','N','N','N','','C71C1DD7-56E0-0001-6B44-AF05ECBA4D50',305,'id_ortmpltp','20','N','','','','','','@@@@ZZ200000000000A7','4','','医嘱模板类型','','N','C71C1DD4-60D0-0001-64C6-A7E0554C11BF');
insert into dm_property (visibility,ATTRMINVALUE,proptype,isAccessPower,description,refModelName,isNullable,defaultValue,isCalculation,resID,isCustomAttr,isActive,dataFromRelInfo,refRelFldsData,ISFIXEDLEN,ISDYNAMIC,ISNOTSERIALIZE,version,id,dataTypeStyle,name,ATTRLEN,isReadOnly,ATTRMAXVALUE,deCode,accessorClassName,extTag,accessPowerGroup,dataType,SEQNO,dataFrom,displayName,precise,isHide,classid) values ('','',0,'','','','Y','','N','','','N','','','N','N','N','','C71C1DD7-62D0-0001-E2A4-198068901772',300,'sd_ortmpltp','50','N','','','','','','BS000010000100001001','5','','医嘱模板类型编码','','N','C71C1DD4-60D0-0001-64C6-A7E0554C11BF');
insert into dm_property (visibility,ATTRMINVALUE,proptype,isAccessPower,description,refModelName,isNullable,defaultValue,isCalculation,resID,isCustomAttr,isActive,dataFromRelInfo,refRelFldsData,ISFIXEDLEN,ISDYNAMIC,ISNOTSERIALIZE,version,id,dataTypeStyle,name,ATTRLEN,isReadOnly,ATTRMAXVALUE,deCode,accessorClassName,extTag,accessPowerGroup,dataType,SEQNO,dataFrom,displayName,precise,isHide,classid) values ('','',0,'','','','Y','','N','','','N','','','N','N','N','','C71C1DD7-6E50-0001-DD68-504016001E40',300,'code','50','N','','','','','','BS000010000100001001','6','','模板编码','','N','C71C1DD4-60D0-0001-64C6-A7E0554C11BF');
insert into dm_property (visibility,ATTRMINVALUE,proptype,isAccessPower,description,refModelName,isNullable,defaultValue,isCalculation,resID,isCustomAttr,isActive,dataFromRelInfo,refRelFldsData,ISFIXEDLEN,ISDYNAMIC,ISNOTSERIALIZE,version,id,dataTypeStyle,name,ATTRLEN,isReadOnly,ATTRMAXVALUE,deCode,accessorClassName,extTag,accessPowerGroup,dataType,SEQNO,dataFrom,displayName,precise,isHide,classid) values ('','',0,'','','','Y','','N','','','N','','','N','N','N','','C71C1DD7-7AE0-0001-BE1A-FD491AA318F7',300,'name','200','N','','','','','','BS000010000100001001','7','','编码名称','','N','C71C1DD4-60D0-0001-64C6-A7E0554C11BF');
insert into dm_property (visibility,ATTRMINVALUE,proptype,isAccessPower,description,refModelName,isNullable,defaultValue,isCalculation,resID,isCustomAttr,isActive,dataFromRelInfo,refRelFldsData,ISFIXEDLEN,ISDYNAMIC,ISNOTSERIALIZE,version,id,dataTypeStyle,name,ATTRLEN,isReadOnly,ATTRMAXVALUE,deCode,accessorClassName,extTag,accessPowerGroup,dataType,SEQNO,dataFrom,displayName,precise,isHide,classid) values ('','',0,'','','','Y','','N','','','N','','','N','N','N','','C71C1DF9-AB80-0001-3895-1BA319FD154A',300,'wbcode','100','N','','','','','','BS000010000100001001','8','','五笔','','N','C71C1DD4-60D0-0001-64C6-A7E0554C11BF');
insert into dm_property (visibility,ATTRMINVALUE,proptype,isAccessPower,description,refModelName,isNullable,defaultValue,isCalculation,resID,isCustomAttr,isActive,dataFromRelInfo,refRelFldsData,ISFIXEDLEN,ISDYNAMIC,ISNOTSERIALIZE,version,id,dataTypeStyle,name,ATTRLEN,isReadOnly,ATTRMAXVALUE,deCode,accessorClassName,extTag,accessPowerGroup,dataType,SEQNO,dataFrom,displayName,precise,isHide,classid) values ('','',0,'','','','Y','','N','','','N','','','N','N','N','','C71C1DF9-ABD0-0001-89B1-361A1EB0D850',300,'pycode','100','N','','','','','','BS000010000100001001','9','','拼音','','N','C71C1DD4-60D0-0001-64C6-A7E0554C11BF');
insert into dm_property (visibility,ATTRMINVALUE,proptype,isAccessPower,description,refModelName,isNullable,defaultValue,isCalculation,resID,isCustomAttr,isActive,dataFromRelInfo,refRelFldsData,ISFIXEDLEN,ISDYNAMIC,ISNOTSERIALIZE,version,id,dataTypeStyle,name,ATTRLEN,isReadOnly,ATTRMAXVALUE,deCode,accessorClassName,extTag,accessPowerGroup,dataType,SEQNO,dataFrom,displayName,precise,isHide,classid) values ('','',0,'','','','Y','','N','','','N','','','N','N','N','','C71C1DF9-AC10-0001-E753-148F11401F48',300,'mnecode','100','N','','','','','','BS000010000100001001','10','','助记码','','N','C71C1DD4-60D0-0001-64C6-A7E0554C11BF');
insert into dm_property (visibility,ATTRMINVALUE,proptype,isAccessPower,description,refModelName,isNullable,defaultValue,isCalculation,resID,isCustomAttr,isActive,dataFromRelInfo,refRelFldsData,ISFIXEDLEN,ISDYNAMIC,ISNOTSERIALIZE,version,id,dataTypeStyle,name,ATTRLEN,isReadOnly,ATTRMAXVALUE,deCode,accessorClassName,extTag,accessPowerGroup,dataType,SEQNO,dataFrom,displayName,precise,isHide,classid) values ('','',0,'','','','Y','','N','','','N','','','N','N','N','','C71C1DD7-87A0-0001-64F7-3B621980FB80',300,'des','300','N','','','','','','BS000010000100001030','11','','模板描述','','N','C71C1DD4-60D0-0001-64C6-A7E0554C11BF');
insert into dm_property (visibility,ATTRMINVALUE,proptype,isAccessPower,description,refModelName,isNullable,defaultValue,isCalculation,resID,isCustomAttr,isActive,dataFromRelInfo,refRelFldsData,ISFIXEDLEN,ISDYNAMIC,ISNOTSERIALIZE,version,id,dataTypeStyle,name,ATTRLEN,isReadOnly,ATTRMAXVALUE,deCode,accessorClassName,extTag,accessPowerGroup,dataType,SEQNO,dataFrom,displayName,precise,isHide,classid) values ('','',0,'','Y 协定处方 ；N医嘱模板','','Y','','N','','','N','','','N','N','N','','C71C1DD7-9440-0001-AD91-167111F0C6F0',300,'fg_cipher','1','N','','','','','','BS000010000100001032','12','','协定标识','','N','C71C1DD4-60D0-0001-64C6-A7E0554C11BF');
insert into dm_property (visibility,ATTRMINVALUE,proptype,isAccessPower,description,refModelName,isNullable,defaultValue,isCalculation,resID,isCustomAttr,isActive,dataFromRelInfo,refRelFldsData,ISFIXEDLEN,ISDYNAMIC,ISNOTSERIALIZE,version,id,dataTypeStyle,name,ATTRLEN,isReadOnly,ATTRMAXVALUE,deCode,accessorClassName,extTag,accessPowerGroup,dataType,SEQNO,dataFrom,displayName,precise,isHide,classid) values ('','',1,'','','subjectownertype','Y','','N','','','N','','0568e8e2-ecf6-48b9-8349-e358be4de8dc,name,名称,ortmpl_srvorrt_name,名称,java.lang.String,varchar,bd_udidoc,id_udidoc,@@@@ZZ2000000000000L;','N','N','N','','C71C4A8C-9E80-0001-81D1-12834B00D2D0',305,'id_srvorrt','20','N','','','','','','@@@@ZZ2000000000000L','13','','模板适用范围','','N','C71C1DD4-60D0-0001-64C6-A7E0554C11BF');
insert into dm_property (visibility,ATTRMINVALUE,proptype,isAccessPower,description,refModelName,isNullable,defaultValue,isCalculation,resID,isCustomAttr,isActive,dataFromRelInfo,refRelFldsData,ISFIXEDLEN,ISDYNAMIC,ISNOTSERIALIZE,version,id,dataTypeStyle,name,ATTRLEN,isReadOnly,ATTRMAXVALUE,deCode,accessorClassName,extTag,accessPowerGroup,dataType,SEQNO,dataFrom,displayName,precise,isHide,classid) values ('','',0,'','','','Y','','N','','','N','','','N','N','N','','C71C4A97-4640-0001-E99D-1DF2D7B0AFD0',300,'sd_srvorrt','50','N','','','','','','BS000010000100001001','14','','模板适用范围编码','','N','C71C1DD4-60D0-0001-64C6-A7E0554C11BF');
insert into dm_property (visibility,ATTRMINVALUE,proptype,isAccessPower,description,refModelName,isNullable,defaultValue,isCalculation,resID,isCustomAttr,isActive,dataFromRelInfo,refRelFldsData,ISFIXEDLEN,ISDYNAMIC,ISNOTSERIALIZE,version,id,dataTypeStyle,name,ATTRLEN,isReadOnly,ATTRMAXVALUE,deCode,accessorClassName,extTag,accessPowerGroup,dataType,SEQNO,dataFrom,displayName,precise,isHide,classid) values ('','',1,'','','REF_BD_DEP','Y','','N','','','N','','C69442D6-F6A0-0001-B890-2CB911A04220,name,名称,dep_name,部门名称,java.lang.String,varchar,bd_dep,id_dep,C6944296-49E0-0001-1F73-42F1DEB0E4E0;C69442D6-E8A0-0001-86A2-81A068431090,code,编码,dep_code,部门编码,java.lang.String,varchar,bd_dep,id_dep,C6944296-49E0-0001-1F73-42F1DEB0E4E0;','N','N','N','','C71C4AFB-52B0-0001-12E4-D3D0C46048A0',305,'id_dep','20','N','','','','','','C6944296-49E0-0001-1F73-42F1DEB0E4E0','15','','科室','','N','C71C1DD4-60D0-0001-64C6-A7E0554C11BF');
insert into dm_property (visibility,ATTRMINVALUE,proptype,isAccessPower,description,refModelName,isNullable,defaultValue,isCalculation,resID,isCustomAttr,isActive,dataFromRelInfo,refRelFldsData,ISFIXEDLEN,ISDYNAMIC,ISNOTSERIALIZE,version,id,dataTypeStyle,name,ATTRLEN,isReadOnly,ATTRMAXVALUE,deCode,accessorClassName,extTag,accessPowerGroup,dataType,SEQNO,dataFrom,displayName,precise,isHide,classid) values ('','',1,'','','bd_psndoc','Y','','N','','','N','','C6B5B454-46D0-0001-6C70-152C169825C0,code,人员编码,emp_code,人员编码,java.lang.String,varchar,bd_psndoc,id_psndoc,C6A3AD52-B530-0001-AB85-201B137811E4;C6B5B454-4820-0001-8784-1CD09A5014E4,name,姓名,emp_name,人员姓名,java.lang.String,varchar,bd_psndoc,id_psndoc,C6A3AD52-B530-0001-AB85-201B137811E4;','N','N','N','','C71C4AFB-6FA0-0001-4E6A-11F01A0030A0',305,'id_emp','20','N','','','','','','C6A3AD52-B530-0001-AB85-201B137811E4','16','','个人','','N','C71C1DD4-60D0-0001-64C6-A7E0554C11BF');
insert into dm_property (visibility,ATTRMINVALUE,proptype,isAccessPower,description,refModelName,isNullable,defaultValue,isCalculation,resID,isCustomAttr,isActive,dataFromRelInfo,refRelFldsData,ISFIXEDLEN,ISDYNAMIC,ISNOTSERIALIZE,version,id,dataTypeStyle,name,ATTRLEN,isReadOnly,ATTRMAXVALUE,deCode,accessorClassName,extTag,accessPowerGroup,dataType,SEQNO,dataFrom,displayName,precise,isHide,classid) values ('','',0,'','','','Y','','N','','','N','','','N','N','N','','C71C1DD7-A1B0-0001-DF71-335F17A85090',300,'fg_entp_op','1','N','','','','','','BS000010000100001032','17','','可使用标识_门诊','','N','C71C1DD4-60D0-0001-64C6-A7E0554C11BF');
insert into dm_property (visibility,ATTRMINVALUE,proptype,isAccessPower,description,refModelName,isNullable,defaultValue,isCalculation,resID,isCustomAttr,isActive,dataFromRelInfo,refRelFldsData,ISFIXEDLEN,ISDYNAMIC,ISNOTSERIALIZE,version,id,dataTypeStyle,name,ATTRLEN,isReadOnly,ATTRMAXVALUE,deCode,accessorClassName,extTag,accessPowerGroup,dataType,SEQNO,dataFrom,displayName,precise,isHide,classid) values ('','',0,'','','','Y','','N','','','N','','','N','N','N','','C71C1E14-BFE0-0001-C064-137B1211D480',300,'fg_entp_ip','1','N','','','','','','BS000010000100001032','18','','可使用标识_住院','','N','C71C1DD4-60D0-0001-64C6-A7E0554C11BF');
insert into dm_property (visibility,ATTRMINVALUE,proptype,isAccessPower,description,refModelName,isNullable,defaultValue,isCalculation,resID,isCustomAttr,isActive,dataFromRelInfo,refRelFldsData,ISFIXEDLEN,ISDYNAMIC,ISNOTSERIALIZE,version,id,dataTypeStyle,name,ATTRLEN,isReadOnly,ATTRMAXVALUE,deCode,accessorClassName,extTag,accessPowerGroup,dataType,SEQNO,dataFrom,displayName,precise,isHide,classid) values ('','',0,'','','','Y','','N','','','N','','','N','N','N','','C71C1E14-CCE0-0001-B379-6060EA101F25',300,'fg_entp_er','1','N','','','','','','BS000010000100001032','19','','可使用标识_急诊流水','','N','C71C1DD4-60D0-0001-64C6-A7E0554C11BF');
insert into dm_property (visibility,ATTRMINVALUE,proptype,isAccessPower,description,refModelName,isNullable,defaultValue,isCalculation,resID,isCustomAttr,isActive,dataFromRelInfo,refRelFldsData,ISFIXEDLEN,ISDYNAMIC,ISNOTSERIALIZE,version,id,dataTypeStyle,name,ATTRLEN,isReadOnly,ATTRMAXVALUE,deCode,accessorClassName,extTag,accessPowerGroup,dataType,SEQNO,dataFrom,displayName,precise,isHide,classid) values ('','',0,'','','','Y','','N','','','N','','','N','N','N','','C8A8D864-1020-0001-2F24-80101AA75DB0',300,'fg_entp_er1','1','N','','','','','','BS000010000100001032','20','','可使用标识_急诊抢救','','N','C71C1DD4-60D0-0001-64C6-A7E0554C11BF');
insert into dm_property (visibility,ATTRMINVALUE,proptype,isAccessPower,description,refModelName,isNullable,defaultValue,isCalculation,resID,isCustomAttr,isActive,dataFromRelInfo,refRelFldsData,ISFIXEDLEN,ISDYNAMIC,ISNOTSERIALIZE,version,id,dataTypeStyle,name,ATTRLEN,isReadOnly,ATTRMAXVALUE,deCode,accessorClassName,extTag,accessPowerGroup,dataType,SEQNO,dataFrom,displayName,precise,isHide,classid) values ('','',0,'','','','Y','','N','','','N','','','N','N','N','','C8A8D865-B200-0001-E372-143B216C1D0B',300,'fg_entp_er2','1','N','','','','','','BS000010000100001032','21','','可使用标识_急诊留观','','N','C71C1DD4-60D0-0001-64C6-A7E0554C11BF');
insert into dm_property (visibility,ATTRMINVALUE,proptype,isAccessPower,description,refModelName,isNullable,defaultValue,isCalculation,resID,isCustomAttr,isActive,dataFromRelInfo,refRelFldsData,ISFIXEDLEN,ISDYNAMIC,ISNOTSERIALIZE,version,id,dataTypeStyle,name,ATTRLEN,isReadOnly,ATTRMAXVALUE,deCode,accessorClassName,extTag,accessPowerGroup,dataType,SEQNO,dataFrom,displayName,precise,isHide,classid) values ('','',0,'','','','Y','','N','','','N','','','N','N','N','','C71C1E14-DA60-0001-ADE0-1E2F151B1848',300,'fg_entp_pe','1','N','','','','','','BS000010000100001032','22','','可使用标识_体检','','N','C71C1DD4-60D0-0001-64C6-A7E0554C11BF');
insert into dm_property (visibility,ATTRMINVALUE,proptype,isAccessPower,description,refModelName,isNullable,defaultValue,isCalculation,resID,isCustomAttr,isActive,dataFromRelInfo,refRelFldsData,ISFIXEDLEN,ISDYNAMIC,ISNOTSERIALIZE,version,id,dataTypeStyle,name,ATTRLEN,isReadOnly,ATTRMAXVALUE,deCode,accessorClassName,extTag,accessPowerGroup,dataType,SEQNO,dataFrom,displayName,precise,isHide,classid) values ('','',0,'','','','Y','','N','','','N','','','N','N','N','','C71C1E14-EF00-0001-4968-15F0118063A0',300,'fg_entp_fm','1','N','','','','','','BS000010000100001032','23','','可使用标识_家床','','N','C71C1DD4-60D0-0001-64C6-A7E0554C11BF');
insert into dm_property (visibility,ATTRMINVALUE,proptype,isAccessPower,description,refModelName,isNullable,defaultValue,isCalculation,resID,isCustomAttr,isActive,dataFromRelInfo,refRelFldsData,ISFIXEDLEN,ISDYNAMIC,ISNOTSERIALIZE,version,id,dataTypeStyle,name,ATTRLEN,isReadOnly,ATTRMAXVALUE,deCode,accessorClassName,extTag,accessPowerGroup,dataType,SEQNO,dataFrom,displayName,precise,isHide,classid) values ('','',0,'','','','Y','','N','','','N','','','N','N','N','','C8C9A80E-57C0-0001-38C3-13E017C9166B',300,'fg_use_pip','1','N','','','','','','BS000010000100001032','24','','可使用标识-预住院标识','','N','C71C1DD4-60D0-0001-64C6-A7E0554C11BF');
insert into dm_property (visibility,ATTRMINVALUE,proptype,isAccessPower,description,refModelName,isNullable,defaultValue,isCalculation,resID,isCustomAttr,isActive,dataFromRelInfo,refRelFldsData,ISFIXEDLEN,ISDYNAMIC,ISNOTSERIALIZE,version,id,dataTypeStyle,name,ATTRLEN,isReadOnly,ATTRMAXVALUE,deCode,accessorClassName,extTag,accessPowerGroup,dataType,SEQNO,dataFrom,displayName,precise,isHide,classid) values ('','',0,'','','','Y','','N','','','N','','','N','N','N','','C71E3B3D-5280-0001-BA72-1870D6901D98',300,'fg_sync','1','N','','','','','','BS000010000100001032','25','','是否派生','','N','C71C1DD4-60D0-0001-64C6-A7E0554C11BF');
insert into dm_property (visibility,ATTRMINVALUE,proptype,isAccessPower,description,refModelName,isNullable,defaultValue,isCalculation,resID,isCustomAttr,isActive,dataFromRelInfo,refRelFldsData,ISFIXEDLEN,ISDYNAMIC,ISNOTSERIALIZE,version,id,dataTypeStyle,name,ATTRLEN,isReadOnly,ATTRMAXVALUE,deCode,accessorClassName,extTag,accessPowerGroup,dataType,SEQNO,dataFrom,displayName,precise,isHide,classid) values ('','',0,'','','','Y','','N','','','N','','','N','N','N','','C71E3B4B-48B0-0001-6154-2EA01A301830',300,'id_ortmpl_src','20','N','','','','','','BS000010000100001001','26','','来源模板','','N','C71C1DD4-60D0-0001-64C6-A7E0554C11BF');
insert into dm_property (visibility,ATTRMINVALUE,proptype,isAccessPower,description,refModelName,isNullable,defaultValue,isCalculation,resID,isCustomAttr,isActive,dataFromRelInfo,refRelFldsData,ISFIXEDLEN,ISDYNAMIC,ISNOTSERIALIZE,version,id,dataTypeStyle,name,ATTRLEN,isReadOnly,ATTRMAXVALUE,deCode,accessorClassName,extTag,accessPowerGroup,dataType,SEQNO,dataFrom,displayName,precise,isHide,classid) values ('','',0,'','','','Y','','N','','','N','','','N','N','N','','C71C1E4B-F040-0001-FC63-1C94DE201188',300,'fg_active','1','N','','','','','','BS000010000100001032','27','','启用标识','','N','C71C1DD4-60D0-0001-64C6-A7E0554C11BF');
insert into dm_property (visibility,ATTRMINVALUE,proptype,isAccessPower,description,refModelName,isNullable,defaultValue,isCalculation,resID,isCustomAttr,isActive,dataFromRelInfo,refRelFldsData,ISFIXEDLEN,ISDYNAMIC,ISNOTSERIALIZE,version,id,dataTypeStyle,name,ATTRLEN,isReadOnly,ATTRMAXVALUE,deCode,accessorClassName,extTag,accessPowerGroup,dataType,SEQNO,dataFrom,displayName,precise,isHide,classid) values ('','',0,'','','','Y','','N','','','N','','','N','N','N','','C71C1E15-11E0-0001-F01F-A5201DBC3590',300,'content_or','4000','N','','','','','','BS000010000100001030','28','','模板内容','','N','C71C1DD4-60D0-0001-64C6-A7E0554C11BF');
insert into dm_property (visibility,ATTRMINVALUE,proptype,isAccessPower,description,refModelName,isNullable,defaultValue,isCalculation,resID,isCustomAttr,isActive,dataFromRelInfo,refRelFldsData,ISFIXEDLEN,ISDYNAMIC,ISNOTSERIALIZE,version,id,dataTypeStyle,name,ATTRLEN,isReadOnly,ATTRMAXVALUE,deCode,accessorClassName,extTag,accessPowerGroup,dataType,SEQNO,dataFrom,displayName,precise,isHide,classid) values ('','',1,'','','bd_usg','Y','','N','','','N','','C6B089D3-F990-0001-35C7-D7F0FC4018A4,code,用法编码,ortmpl_route_code,用法编码,java.lang.String,varchar,bd_route,id_route,C6B089C5-FCF0-0001-901B-1520B5702F20;C6B089D5-A360-0001-2E18-133C1B80BE40,name,用法名称,ortmpl_route_name,用法名称,java.lang.String,varchar,bd_route,id_route,C6B089C5-FCF0-0001-901B-1520B5702F20;','N','N','N','','C71C1E15-1EE0-0001-49EA-14B0150126F0',305,'id_route','20','N','','','','','','C6B089C5-FCF0-0001-901B-1520B5702F20','29','','用法','','N','C71C1DD4-60D0-0001-64C6-A7E0554C11BF');
insert into dm_property (visibility,ATTRMINVALUE,proptype,isAccessPower,description,refModelName,isNullable,defaultValue,isCalculation,resID,isCustomAttr,isActive,dataFromRelInfo,refRelFldsData,ISFIXEDLEN,ISDYNAMIC,ISNOTSERIALIZE,version,id,dataTypeStyle,name,ATTRLEN,isReadOnly,ATTRMAXVALUE,deCode,accessorClassName,extTag,accessPowerGroup,dataType,SEQNO,dataFrom,displayName,precise,isHide,classid) values ('','',1,'','','','Y','','N','','','N','','C6EE456B-CA10-0001-B623-13D09010C400,name,医疗要求,ortmpl_routedes_name,医疗要求,java.lang.String,varchar,bd_route_des,id_routedes,C6EE456A-D1F0-0001-F048-1A701119174F;C6EE456B-C9F0-0001-6C80-1650FF807960,code,医疗要求编码,ortmpl_routedes_code,医疗要求编码,java.lang.String,varchar,bd_route_des,id_routedes,C6EE456A-D1F0-0001-F048-1A701119174F;','N','N','N','','C71C1E15-39E0-0001-3A3F-2A501E3018BD',305,'id_routedes','20','N','','','','','','C6EE456A-D1F0-0001-F048-1A701119174F','30','','要求','','N','C71C1DD4-60D0-0001-64C6-A7E0554C11BF');
insert into dm_property (visibility,ATTRMINVALUE,proptype,isAccessPower,description,refModelName,isNullable,defaultValue,isCalculation,resID,isCustomAttr,isActive,dataFromRelInfo,refRelFldsData,ISFIXEDLEN,ISDYNAMIC,ISNOTSERIALIZE,version,id,dataTypeStyle,name,ATTRLEN,isReadOnly,ATTRMAXVALUE,deCode,accessorClassName,extTag,accessPowerGroup,dataType,SEQNO,dataFrom,displayName,precise,isHide,classid) values ('','',1,'','','REF_CHERB','Y','','N','','','N','','C6B658E0-26E0-0001-4461-14D23A301380,code,煎法编码,ortmpl_boil_code,煎法编码,java.lang.String,varchar,bd_boil,id_boil,C6B658DD-2890-0001-1B40-138F1BFAD590;C6B658E0-3250-0001-88E0-1FF1F5005D20,name,煎法名称,ortmpl_boil_name,煎法名称,java.lang.String,varchar,bd_boil,id_boil,C6B658DD-2890-0001-1B40-138F1BFAD590;','N','N','N','','C71C1E27-E080-0001-9359-403198A08480',305,'id_boil','20','N','','','','','','C6B658DD-2890-0001-1B40-138F1BFAD590','31','','煎法','','N','C71C1DD4-60D0-0001-64C6-A7E0554C11BF');
insert into dm_property (visibility,ATTRMINVALUE,proptype,isAccessPower,description,refModelName,isNullable,defaultValue,isCalculation,resID,isCustomAttr,isActive,dataFromRelInfo,refRelFldsData,ISFIXEDLEN,ISDYNAMIC,ISNOTSERIALIZE,version,id,dataTypeStyle,name,ATTRLEN,isReadOnly,ATTRMAXVALUE,deCode,accessorClassName,extTag,accessPowerGroup,dataType,SEQNO,dataFrom,displayName,precise,isHide,classid) values ('','',1,'','','ref_bd_cherbboils','Y','','N','','','N','','C6B65959-6E80-0001-66A7-ADC77BD09550,code,煎法要求编码,ortmpl_boildes_code,煎法要求编码,java.lang.String,varchar,bd_boil_des,id_boildes,C6B65954-4A10-0001-97D2-19E68ECB1486;C6B65959-7A10-0001-1FCD-BD108D10170E,name,煎法要求,ortmpl_boildes_name,煎法要求,java.lang.String,varchar,bd_boil_des,id_boildes,C6B65954-4A10-0001-97D2-19E68ECB1486;','N','N','N','','C71C1E28-6880-0001-FEBB-4DEDB2608FE0',305,'id_boildes','20','N','','','','','','C6B65954-4A10-0001-97D2-19E68ECB1486','32','','煎法要求','','N','C71C1DD4-60D0-0001-64C6-A7E0554C11BF');
insert into dm_property (visibility,ATTRMINVALUE,proptype,isAccessPower,description,refModelName,isNullable,defaultValue,isCalculation,resID,isCustomAttr,isActive,dataFromRelInfo,refRelFldsData,ISFIXEDLEN,ISDYNAMIC,ISNOTSERIALIZE,version,id,dataTypeStyle,name,ATTRLEN,isReadOnly,ATTRMAXVALUE,deCode,accessorClassName,extTag,accessPowerGroup,dataType,SEQNO,dataFrom,displayName,precise,isHide,classid) values ('','',1,'','','medsrvtype','Y','','N','','','N','','2ac05f4d-e136-4694-ae88-5c3717499e3c,name,名称,ortmpl_srvtp_name,名称,java.lang.String,varchar,bd_udidoc,id_udidoc,@@@@ZZ2000000000000T;','N','N','N','','C71C1E29-2BE0-0001-EC6B-CE10C0AC5F40',305,'id_srvtp','20','N','','','','','','@@@@ZZ2000000000000T','33','','模板服务类型','','N','C71C1DD4-60D0-0001-64C6-A7E0554C11BF');
insert into dm_property (visibility,ATTRMINVALUE,proptype,isAccessPower,description,refModelName,isNullable,defaultValue,isCalculation,resID,isCustomAttr,isActive,dataFromRelInfo,refRelFldsData,ISFIXEDLEN,ISDYNAMIC,ISNOTSERIALIZE,version,id,dataTypeStyle,name,ATTRLEN,isReadOnly,ATTRMAXVALUE,deCode,accessorClassName,extTag,accessPowerGroup,dataType,SEQNO,dataFrom,displayName,precise,isHide,classid) values ('','',0,'','','','Y','','N','','','N','','','N','N','N','','C71C1E4B-E140-0001-1D33-66C06D1E1D96',300,'sd_srvtp','50','N','','','','','','BS000010000100001001','34','','模板服务类型编码','','N','C71C1DD4-60D0-0001-64C6-A7E0554C11BF');
insert into dm_property (visibility,ATTRMINVALUE,proptype,isAccessPower,description,refModelName,isNullable,defaultValue,isCalculation,resID,isCustomAttr,isActive,dataFromRelInfo,refRelFldsData,ISFIXEDLEN,ISDYNAMIC,ISNOTSERIALIZE,version,id,dataTypeStyle,name,ATTRLEN,isReadOnly,ATTRMAXVALUE,deCode,accessorClassName,extTag,accessPowerGroup,dataType,SEQNO,dataFrom,displayName,precise,isHide,classid) values ('','',1,'','','bd_freq','Y','','N','','','N','','C6B0303F-FBD0-0001-1EDF-BA20C9001264,name,频次名称,ortmpl_freq_name,频次名称,java.lang.String,varchar,bd_freq,id_freq,C6B02F7C-1180-0001-37C8-38D11B786890;C6B0303F-F030-0001-88B2-1809108019F1,code,频次编码,ortmpl_freq_code,频次编码,java.lang.String,varchar,bd_freq,id_freq,C6B02F7C-1180-0001-37C8-38D11B786890;','N','N','N','','C71E3B6F-6DC0-0001-F31C-BEB58A1619DF',305,'id_freq','20','N','','','','','','C6B02F7C-1180-0001-37C8-38D11B786890','35','','频次','','N','C71C1DD4-60D0-0001-64C6-A7E0554C11BF');
insert into dm_property (visibility,ATTRMINVALUE,proptype,isAccessPower,description,refModelName,isNullable,defaultValue,isCalculation,resID,isCustomAttr,isActive,dataFromRelInfo,refRelFldsData,ISFIXEDLEN,ISDYNAMIC,ISNOTSERIALIZE,version,id,dataTypeStyle,name,ATTRLEN,isReadOnly,ATTRMAXVALUE,deCode,accessorClassName,extTag,accessPowerGroup,dataType,SEQNO,dataFrom,displayName,precise,isHide,classid) values ('','',0,'','','','Y','','N','','','N','','','N','N','N','','C71E3B6F-8960-0001-D1B4-7A71D16011F7',300,'orders','10','N','','','','','','BS000010000100001004','36','','医嘱付数','','N','C71C1DD4-60D0-0001-64C6-A7E0554C11BF');
insert into dm_property (visibility,ATTRMINVALUE,proptype,isAccessPower,description,refModelName,isNullable,defaultValue,isCalculation,resID,isCustomAttr,isActive,dataFromRelInfo,refRelFldsData,ISFIXEDLEN,ISDYNAMIC,ISNOTSERIALIZE,version,id,dataTypeStyle,name,ATTRLEN,isReadOnly,ATTRMAXVALUE,deCode,accessorClassName,extTag,accessPowerGroup,dataType,SEQNO,dataFrom,displayName,precise,isHide,classid) values ('','',0,'','','','Y','','N','','','N','','','N','N','N','','C71E3B71-9450-0001-A118-17101F2810F6',300,'days_or','10','N','','','','','','BS000010000100001004','37','','医嘱天数','','N','C71C1DD4-60D0-0001-64C6-A7E0554C11BF');
insert into dm_property (visibility,ATTRMINVALUE,proptype,isAccessPower,description,refModelName,isNullable,defaultValue,isCalculation,resID,isCustomAttr,isActive,dataFromRelInfo,refRelFldsData,ISFIXEDLEN,ISDYNAMIC,ISNOTSERIALIZE,version,id,dataTypeStyle,name,ATTRLEN,isReadOnly,ATTRMAXVALUE,deCode,accessorClassName,extTag,accessPowerGroup,dataType,SEQNO,dataFrom,displayName,precise,isHide,classid) values ('','',1,'','','freqperiodtype','Y','','N','','','N','','b40ecbb7-1bb8-4980-8207-0040568ca63b,name,名称,ortmpl_frequnit_name,名称,java.lang.String,varchar,bd_udidoc,id_udidoc,@@@@ZZ2000000000000S;','N','N','N','','C71E3B71-B250-0001-8FAF-F39557901700',305,'id_frequnit','20','N','','','','','','@@@@ZZ2000000000000S','38','','频次周期类型','','N','C71C1DD4-60D0-0001-64C6-A7E0554C11BF');
insert into dm_property (visibility,ATTRMINVALUE,proptype,isAccessPower,description,refModelName,isNullable,defaultValue,isCalculation,resID,isCustomAttr,isActive,dataFromRelInfo,refRelFldsData,ISFIXEDLEN,ISDYNAMIC,ISNOTSERIALIZE,version,id,dataTypeStyle,name,ATTRLEN,isReadOnly,ATTRMAXVALUE,deCode,accessorClassName,extTag,accessPowerGroup,dataType,SEQNO,dataFrom,displayName,precise,isHide,classid) values ('','',0,'','','','Y','','N','','','N','','','N','N','N','','C71E3B89-45C0-0001-F390-7A103F601873',300,'sd_frequnit','50','N','','','','','','BS000010000100001001','39','','频次周期类型编码','','N','C71C1DD4-60D0-0001-64C6-A7E0554C11BF');
insert into dm_property (visibility,ATTRMINVALUE,proptype,isAccessPower,description,refModelName,isNullable,defaultValue,isCalculation,resID,isCustomAttr,isActive,dataFromRelInfo,refRelFldsData,ISFIXEDLEN,ISDYNAMIC,ISNOTSERIALIZE,version,id,dataTypeStyle,name,ATTRLEN,isReadOnly,ATTRMAXVALUE,deCode,accessorClassName,extTag,accessPowerGroup,dataType,SEQNO,dataFrom,displayName,precise,isHide,classid) values ('','',1,'','','','Y','','N','','','N','','','N','N','N','','C71C1F81-3A10-0001-D7FB-B960A9441CF7',305,'createdby','20','N','','','','','','C6944A89-8C00-0001-12FA-137033B0CC10','40','','创建人','','N','C71C1DD4-60D0-0001-64C6-A7E0554C11BF');
insert into dm_property (visibility,ATTRMINVALUE,proptype,isAccessPower,description,refModelName,isNullable,defaultValue,isCalculation,resID,isCustomAttr,isActive,dataFromRelInfo,refRelFldsData,ISFIXEDLEN,ISDYNAMIC,ISNOTSERIALIZE,version,id,dataTypeStyle,name,ATTRLEN,isReadOnly,ATTRMAXVALUE,deCode,accessorClassName,extTag,accessPowerGroup,dataType,SEQNO,dataFrom,displayName,precise,isHide,classid) values ('','',0,'','','','Y','','N','','','N','','','N','N','N','','C71C1F81-3A10-0001-10D1-17FA10171DB3',300,'createdtime','19','N','','','','','','BS000010000100001034','41','','创建时间','','N','C71C1DD4-60D0-0001-64C6-A7E0554C11BF');
insert into dm_property (visibility,ATTRMINVALUE,proptype,isAccessPower,description,refModelName,isNullable,defaultValue,isCalculation,resID,isCustomAttr,isActive,dataFromRelInfo,refRelFldsData,ISFIXEDLEN,ISDYNAMIC,ISNOTSERIALIZE,version,id,dataTypeStyle,name,ATTRLEN,isReadOnly,ATTRMAXVALUE,deCode,accessorClassName,extTag,accessPowerGroup,dataType,SEQNO,dataFrom,displayName,precise,isHide,classid) values ('','',1,'','','','Y','','N','','','N','','','N','N','N','','C71C1F81-3A20-0001-1A73-E7EA14306D80',305,'modifiedby','20','N','','','','','','C6944A89-8C00-0001-12FA-137033B0CC10','42','','最后修改人','','N','C71C1DD4-60D0-0001-64C6-A7E0554C11BF');
insert into dm_property (visibility,ATTRMINVALUE,proptype,isAccessPower,description,refModelName,isNullable,defaultValue,isCalculation,resID,isCustomAttr,isActive,dataFromRelInfo,refRelFldsData,ISFIXEDLEN,ISDYNAMIC,ISNOTSERIALIZE,version,id,dataTypeStyle,name,ATTRLEN,isReadOnly,ATTRMAXVALUE,deCode,accessorClassName,extTag,accessPowerGroup,dataType,SEQNO,dataFrom,displayName,precise,isHide,classid) values ('','',0,'','','','Y','','N','','','N','','','N','N','N','','C71C1F81-3A20-0001-C7F7-27F0263F15C3',300,'modifiedtime','19','N','','','','','','BS000010000100001034','43','','最后修改时间','','N','C71C1DD4-60D0-0001-64C6-A7E0554C11BF');
insert into dm_property (visibility,ATTRMINVALUE,proptype,isAccessPower,description,refModelName,isNullable,defaultValue,isCalculation,resID,isCustomAttr,isActive,dataFromRelInfo,refRelFldsData,ISFIXEDLEN,ISDYNAMIC,ISNOTSERIALIZE,version,id,dataTypeStyle,name,ATTRLEN,isReadOnly,ATTRMAXVALUE,deCode,accessorClassName,extTag,accessPowerGroup,dataType,SEQNO,dataFrom,displayName,precise,isHide,classid) values ('','',3,'','','','Y','','N','','','N','','','N','N','N','','C71C4CC5-9EF0-0001-CC7B-1F68BEC0AB00',301,'ortplitems','20','N','','','xap.dp.dm.acessor.FBeanAccessor','','','C71C4BDE-A9C0-0001-30AB-1E7817EC164F','44','','医嘱模板明细','','N','C71C1DD4-60D0-0001-64C6-A7E0554C11BF');
insert into dm_property (visibility,ATTRMINVALUE,proptype,isAccessPower,description,refModelName,isNullable,defaultValue,isCalculation,resID,isCustomAttr,isActive,dataFromRelInfo,refRelFldsData,ISFIXEDLEN,ISDYNAMIC,ISNOTSERIALIZE,version,id,dataTypeStyle,name,ATTRLEN,isReadOnly,ATTRMAXVALUE,deCode,accessorClassName,extTag,accessPowerGroup,dataType,SEQNO,dataFrom,displayName,precise,isHide,classid) values ('','',0,'','','','Y','','N','','','N','','','N','N','N','','C74D449F-32B0-0001-86B9-760017D06290',300,'seqno','5','N','','','','','','BS000010000100001004','45','','模板序号','','N','C71C1DD4-60D0-0001-64C6-A7E0554C11BF');
insert into dm_property (visibility,ATTRMINVALUE,proptype,isAccessPower,description,refModelName,isNullable,defaultValue,isCalculation,resID,isCustomAttr,isActive,dataFromRelInfo,refRelFldsData,ISFIXEDLEN,ISDYNAMIC,ISNOTSERIALIZE,version,id,dataTypeStyle,name,ATTRLEN,isReadOnly,ATTRMAXVALUE,deCode,accessorClassName,extTag,accessPowerGroup,dataType,SEQNO,dataFrom,displayName,precise,isHide,classid) values ('','',0,'','','','Y','','N','','','N','','','N','N','N','','C751C8A0-00A0-0001-32FA-1BD037DB154D',300,'des_or','256','N','','','','','','BS000010000100001001','46','','嘱托','','N','C71C1DD4-60D0-0001-64C6-A7E0554C11BF');
insert into dm_property (visibility,ATTRMINVALUE,proptype,isAccessPower,description,refModelName,isNullable,defaultValue,isCalculation,resID,isCustomAttr,isActive,dataFromRelInfo,refRelFldsData,ISFIXEDLEN,ISDYNAMIC,ISNOTSERIALIZE,version,id,dataTypeStyle,name,ATTRLEN,isReadOnly,ATTRMAXVALUE,deCode,accessorClassName,extTag,accessPowerGroup,dataType,SEQNO,dataFrom,displayName,precise,isHide,classid) values ('','',1,'','','','Y','','Y','','','N','','C6AFD3C5-49D0-0001-A67D-63A01BE31AB6,name,诊断名称,name_didef_ref,关联诊断名称,java.lang.String,varchar,bd_di_def,id_didef,C6AF8A8C-7550-0001-DF2C-E00335106380;','N','N','N','','C868960B-2F90-0001-7EC1-15B03B30115E',305,'id_didef_ref','20','N','','','','','','C6AF8A8C-7550-0001-DF2C-E00335106380','47','','关联的诊断','','N','C71C1DD4-60D0-0001-64C6-A7E0554C11BF');
delete dm_property where  CLASSID = 'C71C4BDE-A9C0-0001-30AB-1E7817EC164F';
insert into dm_property (visibility,ATTRMINVALUE,proptype,isAccessPower,description,refModelName,isNullable,defaultValue,isCalculation,resID,isCustomAttr,isActive,dataFromRelInfo,refRelFldsData,ISFIXEDLEN,ISDYNAMIC,ISNOTSERIALIZE,version,id,dataTypeStyle,name,ATTRLEN,isReadOnly,ATTRMAXVALUE,deCode,accessorClassName,extTag,accessPowerGroup,dataType,SEQNO,dataFrom,displayName,precise,isHide,classid) values ('','',4,'','','','N','','N','','','N','','','N','N','N','','C71C4BE0-F080-0001-65ED-14101B801516',300,'id_ortmplitm','20','N','','','','','','BS000010000100001051','1','','医嘱模板项目主键标识','','N','C71C4BDE-A9C0-0001-30AB-1E7817EC164F');
insert into dm_property (visibility,ATTRMINVALUE,proptype,isAccessPower,description,refModelName,isNullable,defaultValue,isCalculation,resID,isCustomAttr,isActive,dataFromRelInfo,refRelFldsData,ISFIXEDLEN,ISDYNAMIC,ISNOTSERIALIZE,version,id,dataTypeStyle,name,ATTRLEN,isReadOnly,ATTRMAXVALUE,deCode,accessorClassName,extTag,accessPowerGroup,dataType,SEQNO,dataFrom,displayName,precise,isHide,classid) values ('','',0,'','','','Y','','N','','','N','','','N','N','N','','C71C4BE1-0B60-0001-6499-1A4212101453',300,'sortno','10','N','','','','','','BS000010000100001004','2','','序号','','N','C71C4BDE-A9C0-0001-30AB-1E7817EC164F');
insert into dm_property (visibility,ATTRMINVALUE,proptype,isAccessPower,description,refModelName,isNullable,defaultValue,isCalculation,resID,isCustomAttr,isActive,dataFromRelInfo,refRelFldsData,ISFIXEDLEN,ISDYNAMIC,ISNOTSERIALIZE,version,id,dataTypeStyle,name,ATTRLEN,isReadOnly,ATTRMAXVALUE,deCode,accessorClassName,extTag,accessPowerGroup,dataType,SEQNO,dataFrom,displayName,precise,isHide,classid) values ('','',2,'','','','Y','','N','','','N','','','N','N','N','','C71E3C48-26D0-0001-5D76-1F2D1770B3E0',305,'eu_ortplitmtp','2','N','','','','','','C71E3BE8-9860-0001-5186-A51D156016C0','3','','医嘱模板项目类型','','N','C71C4BDE-A9C0-0001-30AB-1E7817EC164F');
insert into dm_property (visibility,ATTRMINVALUE,proptype,isAccessPower,description,refModelName,isNullable,defaultValue,isCalculation,resID,isCustomAttr,isActive,dataFromRelInfo,refRelFldsData,ISFIXEDLEN,ISDYNAMIC,ISNOTSERIALIZE,version,id,dataTypeStyle,name,ATTRLEN,isReadOnly,ATTRMAXVALUE,deCode,accessorClassName,extTag,accessPowerGroup,dataType,SEQNO,dataFrom,displayName,precise,isHide,classid) values ('','',1,'','','','Y','','N','','','N','','','N','N','N','','C71C4BE0-FDF0-0001-FE4D-C1C013D010C3',305,'id_ortmpl','20','N','','','','','','C71C1DD4-60D0-0001-64C6-A7E0554C11BF','4','','医嘱模板','','N','C71C4BDE-A9C0-0001-30AB-1E7817EC164F');
insert into dm_property (visibility,ATTRMINVALUE,proptype,isAccessPower,description,refModelName,isNullable,defaultValue,isCalculation,resID,isCustomAttr,isActive,dataFromRelInfo,refRelFldsData,ISFIXEDLEN,ISDYNAMIC,ISNOTSERIALIZE,version,id,dataTypeStyle,name,ATTRLEN,isReadOnly,ATTRMAXVALUE,deCode,accessorClassName,extTag,accessPowerGroup,dataType,SEQNO,dataFrom,displayName,precise,isHide,classid) values ('','',1,'','','REF_Ortmpl_Medsrv','Y','','N','','','N','','C6B03F0C-D3D0-0001-EEAA-1400100E104F,code,服务编码,ortplnitm_srv_code,服务编码,java.lang.String,varchar,bd_srv,id_srv,C6B03F0B-5240-0001-6E8B-14A01005EC20;C6B03F0C-E060-0001-99E9-C7E0C785D040,name,服务名称,ortplnitm_srv_name,服务名称,java.lang.String,varchar,bd_srv,id_srv,C6B03F0B-5240-0001-6E8B-14A01005EC20;C7034202-30A0-0001-39BD-1AC4118067B0,fg_ctm,自定义服务名称标志,fg_ctm,自定义服务名称标志,xap.mw.coreitf.d.FBoolean,char,bd_srv,id_srv,C6B03F0B-5240-0001-6E8B-14A01005EC20;C7C22503-BE30-0001-BDCD-12B01160AB20,ismulexec,是否多次执行,ismulexec,是否多次执行,xap.mw.coreitf.d.FBoolean,char,bd_srv,id_srv,C6B03F0B-5240-0001-6E8B-14A01005EC20;C7C22503-C990-0001-ED20-1781D638C2E0,ismuldose,是否多量开单,ismuldose,是否多量开单,xap.mw.coreitf.d.FBoolean,char,bd_srv,id_srv,C6B03F0B-5240-0001-6E8B-14A01005EC20;C7D85065-85D0-0001-28C6-1D50AFC017F7,sd_totalopenmode,总量开单方式编码,sd_totalopenmode,总量开单方式编码,java.lang.String,varchar,bd_srv,id_srv,C6B03F0B-5240-0001-6E8B-14A01005EC20;','N','N','N','','C71C4BE1-1960-0001-B624-7B301BF0B700',305,'id_srv','20','N','','','','','','C6B03F0B-5240-0001-6E8B-14A01005EC20','5','','服务','','N','C71C4BDE-A9C0-0001-30AB-1E7817EC164F');
insert into dm_property (visibility,ATTRMINVALUE,proptype,isAccessPower,description,refModelName,isNullable,defaultValue,isCalculation,resID,isCustomAttr,isActive,dataFromRelInfo,refRelFldsData,ISFIXEDLEN,ISDYNAMIC,ISNOTSERIALIZE,version,id,dataTypeStyle,name,ATTRLEN,isReadOnly,ATTRMAXVALUE,deCode,accessorClassName,extTag,accessPowerGroup,dataType,SEQNO,dataFrom,displayName,precise,isHide,classid) values ('','',1,'','','medsrvtype','Y','','N','','','N','','2ac05f4d-e136-4694-ae88-5c3717499e3c,name,名称,ortplnitm_srvtp_name,名称,java.lang.String,varchar,bd_udidoc,id_udidoc,@@@@ZZ2000000000000T;','N','N','N','','C71C4BE1-39F0-0001-A079-170916C01AEA',305,'id_srvtp','20','N','','','','','','@@@@ZZ2000000000000T','6','','服务类型','','N','C71C4BDE-A9C0-0001-30AB-1E7817EC164F');
insert into dm_property (visibility,ATTRMINVALUE,proptype,isAccessPower,description,refModelName,isNullable,defaultValue,isCalculation,resID,isCustomAttr,isActive,dataFromRelInfo,refRelFldsData,ISFIXEDLEN,ISDYNAMIC,ISNOTSERIALIZE,version,id,dataTypeStyle,name,ATTRLEN,isReadOnly,ATTRMAXVALUE,deCode,accessorClassName,extTag,accessPowerGroup,dataType,SEQNO,dataFrom,displayName,precise,isHide,classid) values ('','',0,'','','','Y','','N','','','N','','','N','N','N','','C71C4BE1-4900-0001-A12D-5B20CF001129',300,'sd_srvtp','50','N','','','','','','BS000010000100001001','7','','服务类型编码','','N','C71C4BDE-A9C0-0001-30AB-1E7817EC164F');
insert into dm_property (visibility,ATTRMINVALUE,proptype,isAccessPower,description,refModelName,isNullable,defaultValue,isCalculation,resID,isCustomAttr,isActive,dataFromRelInfo,refRelFldsData,ISFIXEDLEN,ISDYNAMIC,ISNOTSERIALIZE,version,id,dataTypeStyle,name,ATTRLEN,isReadOnly,ATTRMAXVALUE,deCode,accessorClassName,extTag,accessPowerGroup,dataType,SEQNO,dataFrom,displayName,precise,isHide,classid) values ('','',1,'','','bd_usg','Y','','N','','','N','','C6B089D3-F990-0001-35C7-D7F0FC4018A4,code,用法编码,ortplnitm_route_code,用法编码,java.lang.String,varchar,bd_route,id_route,C6B089C5-FCF0-0001-901B-1520B5702F20;C6B089D5-A360-0001-2E18-133C1B80BE40,name,用法名称,ortplnitm_route_name,用法名称,java.lang.String,varchar,bd_route,id_route,C6B089C5-FCF0-0001-901B-1520B5702F20;','N','N','N','','C71C4BE1-7070-0001-14F7-157A1CD01F67',305,'id_route','20','N','','','','','','C6B089C5-FCF0-0001-901B-1520B5702F20','8','','用法','','N','C71C4BDE-A9C0-0001-30AB-1E7817EC164F');
insert into dm_property (visibility,ATTRMINVALUE,proptype,isAccessPower,description,refModelName,isNullable,defaultValue,isCalculation,resID,isCustomAttr,isActive,dataFromRelInfo,refRelFldsData,ISFIXEDLEN,ISDYNAMIC,ISNOTSERIALIZE,version,id,dataTypeStyle,name,ATTRLEN,isReadOnly,ATTRMAXVALUE,deCode,accessorClassName,extTag,accessPowerGroup,dataType,SEQNO,dataFrom,displayName,precise,isHide,classid) values ('','',1,'','','','Y','','N','','','N','','C6EE456B-CA10-0001-B623-13D09010C400,name,医疗要求,ortplnitm_routedes_name,医疗要求,java.lang.String,varchar,bd_route_des,id_routedes,C6EE456A-D1F0-0001-F048-1A701119174F;C6EE456B-C9F0-0001-6C80-1650FF807960,code,医疗要求编码,ortplnitm_routedes_code,医疗要求编码,java.lang.String,varchar,bd_route_des,id_routedes,C6EE456A-D1F0-0001-F048-1A701119174F;','N','N','N','','C71C4BE1-D950-0001-A768-F3807ECFB2E0',305,'id_routedes','20','N','','','','','','C6EE456A-D1F0-0001-F048-1A701119174F','9','','要求','','N','C71C4BDE-A9C0-0001-30AB-1E7817EC164F');
insert into dm_property (visibility,ATTRMINVALUE,proptype,isAccessPower,description,refModelName,isNullable,defaultValue,isCalculation,resID,isCustomAttr,isActive,dataFromRelInfo,refRelFldsData,ISFIXEDLEN,ISDYNAMIC,ISNOTSERIALIZE,version,id,dataTypeStyle,name,ATTRLEN,isReadOnly,ATTRMAXVALUE,deCode,accessorClassName,extTag,accessPowerGroup,dataType,SEQNO,dataFrom,displayName,precise,isHide,classid) values ('','',1,'','','REF_CHERB','Y','','N','','','N','','C6B658E0-26E0-0001-4461-14D23A301380,code,煎法编码,ortplnitm_boil_code,煎法编码,java.lang.String,varchar,bd_boil,id_boil,C6B658DD-2890-0001-1B40-138F1BFAD590;C6B658E0-3250-0001-88E0-1FF1F5005D20,name,煎法名称,ortplnitm_boil_name,煎法名称,java.lang.String,varchar,bd_boil,id_boil,C6B658DD-2890-0001-1B40-138F1BFAD590;','N','N','N','','C71C4BE1-E5D0-0001-C998-570313C31A6B',305,'id_boil','20','N','','','','','','C6B658DD-2890-0001-1B40-138F1BFAD590','10','','煎法','','N','C71C4BDE-A9C0-0001-30AB-1E7817EC164F');
insert into dm_property (visibility,ATTRMINVALUE,proptype,isAccessPower,description,refModelName,isNullable,defaultValue,isCalculation,resID,isCustomAttr,isActive,dataFromRelInfo,refRelFldsData,ISFIXEDLEN,ISDYNAMIC,ISNOTSERIALIZE,version,id,dataTypeStyle,name,ATTRLEN,isReadOnly,ATTRMAXVALUE,deCode,accessorClassName,extTag,accessPowerGroup,dataType,SEQNO,dataFrom,displayName,precise,isHide,classid) values ('','',1,'','','ref_bd_cherbboils','Y','','N','','','N','','C6B65959-6E80-0001-66A7-ADC77BD09550,code,煎法要求编码,ortplnitm_boildes_code,煎法要求编码,java.lang.String,varchar,bd_boil_des,id_boildes,C6B65954-4A10-0001-97D2-19E68ECB1486;C6B65959-7A10-0001-1FCD-BD108D10170E,name,煎法要求,ortplnitm_boildes_name,煎法要求,java.lang.String,varchar,bd_boil_des,id_boildes,C6B65954-4A10-0001-97D2-19E68ECB1486;','N','N','N','','C71C4BE1-F350-0001-4315-190013702FF0',305,'id_boildes','20','N','','','','','','C6B65954-4A10-0001-97D2-19E68ECB1486','11','','中医要求','','N','C71C4BDE-A9C0-0001-30AB-1E7817EC164F');
insert into dm_property (visibility,ATTRMINVALUE,proptype,isAccessPower,description,refModelName,isNullable,defaultValue,isCalculation,resID,isCustomAttr,isActive,dataFromRelInfo,refRelFldsData,ISFIXEDLEN,ISDYNAMIC,ISNOTSERIALIZE,version,id,dataTypeStyle,name,ATTRLEN,isReadOnly,ATTRMAXVALUE,deCode,accessorClassName,extTag,accessPowerGroup,dataType,SEQNO,dataFrom,displayName,precise,isHide,classid) values ('','',1,'','','bd_freq','Y','','N','','','N','','C6B0303F-F030-0001-88B2-1809108019F1,code,频次编码,ortplnitm_freq_code,频次编码,java.lang.String,varchar,bd_freq,id_freq,C6B02F7C-1180-0001-37C8-38D11B786890;C6B0303F-FBD0-0001-1EDF-BA20C9001264,name,频次名称,ortplnitm_freq_name,频次名称,java.lang.String,varchar,bd_freq,id_freq,C6B02F7C-1180-0001-37C8-38D11B786890;','N','N','N','','C71C4BE1-FF50-0001-1155-19561240198F',305,'id_freq','20','N','','','','','','C6B02F7C-1180-0001-37C8-38D11B786890','12','','频次','','N','C71C4BDE-A9C0-0001-30AB-1E7817EC164F');
insert into dm_property (visibility,ATTRMINVALUE,proptype,isAccessPower,description,refModelName,isNullable,defaultValue,isCalculation,resID,isCustomAttr,isActive,dataFromRelInfo,refRelFldsData,ISFIXEDLEN,ISDYNAMIC,ISNOTSERIALIZE,version,id,dataTypeStyle,name,ATTRLEN,isReadOnly,ATTRMAXVALUE,deCode,accessorClassName,extTag,accessPowerGroup,dataType,SEQNO,dataFrom,displayName,precise,isHide,classid) values ('','',1,'','','','Y','','N','','','N','','C6B09077-7F10-0001-1B56-3C331B5018A7,code,计量单位编码,ortplnitm_unit_code,计量单位编码,java.lang.String,varchar,bd_measdoc,id_measdoc,C6B0904C-6A70-0001-4A1A-1AA09FA01410;C6B09077-8B00-0001-75FB-17FC177026C0,name,计量单位名称,ortplnitm_unit_name,计量单位名称,java.lang.String,varchar,bd_measdoc,id_measdoc,C6B0904C-6A70-0001-4A1A-1AA09FA01410;','N','N','N','','C71C4C0F-D1D0-0001-748A-E5C01B204E90',305,'id_unit_med','20','N','','','','','','C6B0904C-6A70-0001-4A1A-1AA09FA01410','13','','医学单位','','N','C71C4BDE-A9C0-0001-30AB-1E7817EC164F');
insert into dm_property (visibility,ATTRMINVALUE,proptype,isAccessPower,description,refModelName,isNullable,defaultValue,isCalculation,resID,isCustomAttr,isActive,dataFromRelInfo,refRelFldsData,ISFIXEDLEN,ISDYNAMIC,ISNOTSERIALIZE,version,id,dataTypeStyle,name,ATTRLEN,isReadOnly,ATTRMAXVALUE,deCode,accessorClassName,extTag,accessPowerGroup,dataType,SEQNO,dataFrom,displayName,precise,isHide,classid) values ('','',0,'','','','Y','','N','','','N','','','N','N','N','','C71C4C0F-F5E0-0001-E2BD-1F6D1500C740',300,'quan_med','16','N','','','','','','BS000010000100001031','14','','医学单位数值',2,'N','C71C4BDE-A9C0-0001-30AB-1E7817EC164F');
insert into dm_property (visibility,ATTRMINVALUE,proptype,isAccessPower,description,refModelName,isNullable,defaultValue,isCalculation,resID,isCustomAttr,isActive,dataFromRelInfo,refRelFldsData,ISFIXEDLEN,ISDYNAMIC,ISNOTSERIALIZE,version,id,dataTypeStyle,name,ATTRLEN,isReadOnly,ATTRMAXVALUE,deCode,accessorClassName,extTag,accessPowerGroup,dataType,SEQNO,dataFrom,displayName,precise,isHide,classid) values ('','',1,'','','REF_IIHBD_METERIAL','Y','','N','','','N','','C6B02B69-C4A0-0001-5D49-8DA5FCE032D0,code,物品编码,ortplnitm_mm_code,物品编码,java.lang.String,varchar,BD_MM,id_mm,C6B02B37-8380-0001-4979-71A044DD1627;C6B02B74-0D10-0001-89C6-1D1A138A11C2,name,物品名称,ortplnitm_mm_name,物品名称,java.lang.String,varchar,BD_MM,id_mm,C6B02B37-8380-0001-4979-71A044DD1627;C6B02B80-0490-0001-CD97-1250E4E3CB50,spec,物品规格,ortplnitm_mm_spec,物品规格,java.lang.String,varchar,BD_MM,id_mm,C6B02B37-8380-0001-4979-71A044DD1627;C866A81A-8C70-0001-DAFA-11901FF91397,id_herbpreparationtp,草药制剂类型,id_herbpreparationtp,草药制剂类型,xap.sys.xbd.udi.d.UdidocDO,varchar,BD_MM,id_mm,C6B02B37-8380-0001-4979-71A044DD1627;C866A81A-9500-0001-4771-1CD0F391D7E0,sd_herbpreparationtp,草药制剂类型编码,sd_herbpreparationtp,草药制剂类型编码(0饮片；1配方颗粒),java.lang.String,varchar,BD_MM,id_mm,C6B02B37-8380-0001-4979-71A044DD1627;','N','N','N','','C71C4C15-BC90-0001-BD80-AD0947B610AB',305,'id_mm','20','N','','','','','','C6B02B37-8380-0001-4979-71A044DD1627','15','','关联物品','','N','C71C4BDE-A9C0-0001-30AB-1E7817EC164F');
insert into dm_property (visibility,ATTRMINVALUE,proptype,isAccessPower,description,refModelName,isNullable,defaultValue,isCalculation,resID,isCustomAttr,isActive,dataFromRelInfo,refRelFldsData,ISFIXEDLEN,ISDYNAMIC,ISNOTSERIALIZE,version,id,dataTypeStyle,name,ATTRLEN,isReadOnly,ATTRMAXVALUE,deCode,accessorClassName,extTag,accessPowerGroup,dataType,SEQNO,dataFrom,displayName,precise,isHide,classid) values ('','',0,'','','','Y','','N','','','N','','','N','N','N','','C71C4C19-0880-0001-485F-10C0B28717EB',300,'fg_sync','1','N','','','','','','BS000010000100001032','16','','跟随标识','','N','C71C4BDE-A9C0-0001-30AB-1E7817EC164F');
insert into dm_property (visibility,ATTRMINVALUE,proptype,isAccessPower,description,refModelName,isNullable,defaultValue,isCalculation,resID,isCustomAttr,isActive,dataFromRelInfo,refRelFldsData,ISFIXEDLEN,ISDYNAMIC,ISNOTSERIALIZE,version,id,dataTypeStyle,name,ATTRLEN,isReadOnly,ATTRMAXVALUE,deCode,accessorClassName,extTag,accessPowerGroup,dataType,SEQNO,dataFrom,displayName,precise,isHide,classid) values ('','',1,'','','REF_BD_DEP','Y','','N','','','N','','C69442D6-E8A0-0001-86A2-81A068431090,code,编码,ortplnitm_mp_code,编码,java.lang.String,varchar,bd_dep,id_dep,C6944296-49E0-0001-1F73-42F1DEB0E4E0;C69442D6-F6A0-0001-B890-2CB911A04220,name,名称,ortplnitm_mp_name,名称,java.lang.String,varchar,bd_dep,id_dep,C6944296-49E0-0001-1F73-42F1DEB0E4E0;','N','N','N','','C71E9B4D-B420-0001-18F3-81709727CF40',305,'id_dep_mp','20','N','','','','','','C6944296-49E0-0001-1F73-42F1DEB0E4E0','17','','执行科室','','N','C71C4BDE-A9C0-0001-30AB-1E7817EC164F');
insert into dm_property (visibility,ATTRMINVALUE,proptype,isAccessPower,description,refModelName,isNullable,defaultValue,isCalculation,resID,isCustomAttr,isActive,dataFromRelInfo,refRelFldsData,ISFIXEDLEN,ISDYNAMIC,ISNOTSERIALIZE,version,id,dataTypeStyle,name,ATTRLEN,isReadOnly,ATTRMAXVALUE,deCode,accessorClassName,extTag,accessPowerGroup,dataType,SEQNO,dataFrom,displayName,precise,isHide,classid) values ('','',0,'','','','Y','','Y','','','N','','','N','N','N','','C74F4C4F-AA40-0001-CE24-86F0B1A0C570',300,'fg_edit','1','N','','','','','','BS000010000100001032','18','','是否编辑','','N','C71C4BDE-A9C0-0001-30AB-1E7817EC164F');
insert into dm_property (visibility,ATTRMINVALUE,proptype,isAccessPower,description,refModelName,isNullable,defaultValue,isCalculation,resID,isCustomAttr,isActive,dataFromRelInfo,refRelFldsData,ISFIXEDLEN,ISDYNAMIC,ISNOTSERIALIZE,version,id,dataTypeStyle,name,ATTRLEN,isReadOnly,ATTRMAXVALUE,deCode,accessorClassName,extTag,accessPowerGroup,dataType,SEQNO,dataFrom,displayName,precise,isHide,classid) values ('','',0,'','','','Y','','Y','','','N','','','N','N','N','','C74F4C51-C430-0001-4693-D03015208030',300,'id_srv_set','50','N','','','','','','BS000010000100001001','19','','套id','','N','C71C4BDE-A9C0-0001-30AB-1E7817EC164F');
insert into dm_property (visibility,ATTRMINVALUE,proptype,isAccessPower,description,refModelName,isNullable,defaultValue,isCalculation,resID,isCustomAttr,isActive,dataFromRelInfo,refRelFldsData,ISFIXEDLEN,ISDYNAMIC,ISNOTSERIALIZE,version,id,dataTypeStyle,name,ATTRLEN,isReadOnly,ATTRMAXVALUE,deCode,accessorClassName,extTag,accessPowerGroup,dataType,SEQNO,dataFrom,displayName,precise,isHide,classid) values ('','',0,'','','','Y','','Y','','','N','','','N','N','N','','C74FF08D-7DD0-0001-D723-82E0F14F141E',300,'identical_ortmpl','50','N','','','','','','BS000010000100001001','20','','标识一个模板(计算使用)','','N','C71C4BDE-A9C0-0001-30AB-1E7817EC164F');
insert into dm_property (visibility,ATTRMINVALUE,proptype,isAccessPower,description,refModelName,isNullable,defaultValue,isCalculation,resID,isCustomAttr,isActive,dataFromRelInfo,refRelFldsData,ISFIXEDLEN,ISDYNAMIC,ISNOTSERIALIZE,version,id,dataTypeStyle,name,ATTRLEN,isReadOnly,ATTRMAXVALUE,deCode,accessorClassName,extTag,accessPowerGroup,dataType,SEQNO,dataFrom,displayName,precise,isHide,classid) values ('','',0,'','','','Y','','N','','','N','','','N','N','N','','C751C8ED-B210-0001-A5BB-13D0122044C0',300,'des_or','256','N','','','','','','BS000010000100001001','21','','嘱托','','N','C71C4BDE-A9C0-0001-30AB-1E7817EC164F');
insert into dm_property (visibility,ATTRMINVALUE,proptype,isAccessPower,description,refModelName,isNullable,defaultValue,isCalculation,resID,isCustomAttr,isActive,dataFromRelInfo,refRelFldsData,ISFIXEDLEN,ISDYNAMIC,ISNOTSERIALIZE,version,id,dataTypeStyle,name,ATTRLEN,isReadOnly,ATTRMAXVALUE,deCode,accessorClassName,extTag,accessPowerGroup,dataType,SEQNO,dataFrom,displayName,precise,isHide,classid) values ('','',0,'','','','Y','','Y','','','N','','','N','N','N','','C7854D96-4DC0-0001-51C6-10801A641D19',300,'price','16','N','','','','','','BS000010000100001031','22','','价格',2,'N','C71C4BDE-A9C0-0001-30AB-1E7817EC164F');
insert into dm_property (visibility,ATTRMINVALUE,proptype,isAccessPower,description,refModelName,isNullable,defaultValue,isCalculation,resID,isCustomAttr,isActive,dataFromRelInfo,refRelFldsData,ISFIXEDLEN,ISDYNAMIC,ISNOTSERIALIZE,version,id,dataTypeStyle,name,ATTRLEN,isReadOnly,ATTRMAXVALUE,deCode,accessorClassName,extTag,accessPowerGroup,dataType,SEQNO,dataFrom,displayName,precise,isHide,classid) values ('','',0,'','','','Y','','N','','','N','','','N','N','N','','C7854D9D-2A70-0001-96CD-12FC10F81BBF',300,'days_or','10','N','','','','','','BS000010000100001004','23','','使用天数','','N','C71C4BDE-A9C0-0001-30AB-1E7817EC164F');
insert into dm_property (visibility,ATTRMINVALUE,proptype,isAccessPower,description,refModelName,isNullable,defaultValue,isCalculation,resID,isCustomAttr,isActive,dataFromRelInfo,refRelFldsData,ISFIXEDLEN,ISDYNAMIC,ISNOTSERIALIZE,version,id,dataTypeStyle,name,ATTRLEN,isReadOnly,ATTRMAXVALUE,deCode,accessorClassName,extTag,accessPowerGroup,dataType,SEQNO,dataFrom,displayName,precise,isHide,classid) values ('','',0,'','','','Y','','Y','','','N','','','N','N','N','','C7854DA1-B8A0-0001-5F7D-1D001BE0172D',300,'orders','10','N','','','','','','BS000010000100001004','24','','草药付数','','N','C71C4BDE-A9C0-0001-30AB-1E7817EC164F');
insert into dm_property (visibility,ATTRMINVALUE,proptype,isAccessPower,description,refModelName,isNullable,defaultValue,isCalculation,resID,isCustomAttr,isActive,dataFromRelInfo,refRelFldsData,ISFIXEDLEN,ISDYNAMIC,ISNOTSERIALIZE,version,id,dataTypeStyle,name,ATTRLEN,isReadOnly,ATTRMAXVALUE,deCode,accessorClassName,extTag,accessPowerGroup,dataType,SEQNO,dataFrom,displayName,precise,isHide,classid) values ('','',0,'','','','Y','','N','','','N','','','N','N','N','','C7854DA9-A5B0-0001-BFAB-330310206A50',300,'quan_total_medu','16','N','','','','','','BS000010000100001031','25','','总量',2,'N','C71C4BDE-A9C0-0001-30AB-1E7817EC164F');
insert into dm_property (visibility,ATTRMINVALUE,proptype,isAccessPower,description,refModelName,isNullable,defaultValue,isCalculation,resID,isCustomAttr,isActive,dataFromRelInfo,refRelFldsData,ISFIXEDLEN,ISDYNAMIC,ISNOTSERIALIZE,version,id,dataTypeStyle,name,ATTRLEN,isReadOnly,ATTRMAXVALUE,deCode,accessorClassName,extTag,accessPowerGroup,dataType,SEQNO,dataFrom,displayName,precise,isHide,classid) values ('','',1,'','','','Y','','N','','','N','','C6B09077-8B00-0001-75FB-17FC177026C0,name,计量单位名称,name_total_medu,总量单位名称,java.lang.String,varchar,bd_measdoc,id_measdoc,C6B0904C-6A70-0001-4A1A-1AA09FA01410;','N','N','N','','C81AB4C9-2110-0001-DB37-AD50184010AD',305,'id_total_medu','20','N','','','','','','C6B0904C-6A70-0001-4A1A-1AA09FA01410','26','','总量单位id','','N','C71C4BDE-A9C0-0001-30AB-1E7817EC164F');
insert into dm_property (visibility,ATTRMINVALUE,proptype,isAccessPower,description,refModelName,isNullable,defaultValue,isCalculation,resID,isCustomAttr,isActive,dataFromRelInfo,refRelFldsData,ISFIXEDLEN,ISDYNAMIC,ISNOTSERIALIZE,version,id,dataTypeStyle,name,ATTRLEN,isReadOnly,ATTRMAXVALUE,deCode,accessorClassName,extTag,accessPowerGroup,dataType,SEQNO,dataFrom,displayName,precise,isHide,classid) values ('','',1,'','','','Y','','Y','','','N','','C6B2686C-43B0-0001-4BF8-D6A01CE01B73,name,医保计划名称,name_hp,医保计划名称,java.lang.String,varchar,bd_hp,id_hp,C6B267E0-1670-0001-A8B0-1C6918801DCF;','N','N','N','','C7854DC1-B120-0001-6D9C-149F1A1B170A',305,'id_hp','20','N','','','','','','C6B267E0-1670-0001-A8B0-1C6918801DCF','27','','医保类别id','','N','C71C4BDE-A9C0-0001-30AB-1E7817EC164F');
insert into dm_property (visibility,ATTRMINVALUE,proptype,isAccessPower,description,refModelName,isNullable,defaultValue,isCalculation,resID,isCustomAttr,isActive,dataFromRelInfo,refRelFldsData,ISFIXEDLEN,ISDYNAMIC,ISNOTSERIALIZE,version,id,dataTypeStyle,name,ATTRLEN,isReadOnly,ATTRMAXVALUE,deCode,accessorClassName,extTag,accessPowerGroup,dataType,SEQNO,dataFrom,displayName,precise,isHide,classid) values ('','',0,'','','','Y','','Y','','','N','','','N','N','N','','C7855D5E-5AA0-0001-F09D-17B01930146A',300,'fg_active','1','N','','','','','','BS000010000100001032','28','','模板的服务是否被停用','','N','C71C4BDE-A9C0-0001-30AB-1E7817EC164F');
insert into dm_property (visibility,ATTRMINVALUE,proptype,isAccessPower,description,refModelName,isNullable,defaultValue,isCalculation,resID,isCustomAttr,isActive,dataFromRelInfo,refRelFldsData,ISFIXEDLEN,ISDYNAMIC,ISNOTSERIALIZE,version,id,dataTypeStyle,name,ATTRLEN,isReadOnly,ATTRMAXVALUE,deCode,accessorClassName,extTag,accessPowerGroup,dataType,SEQNO,dataFrom,displayName,precise,isHide,classid) values ('','',0,'','','','Y','','Y','','','N','','','N','N','N','','C7855D66-E160-0001-7D6C-14016BFE1D6B',300,'description','1500','N','','','','','','BS000010000100001001','29','','模板项目不可用的原因描述信息','','N','C71C4BDE-A9C0-0001-30AB-1E7817EC164F');
insert into dm_property (visibility,ATTRMINVALUE,proptype,isAccessPower,description,refModelName,isNullable,defaultValue,isCalculation,resID,isCustomAttr,isActive,dataFromRelInfo,refRelFldsData,ISFIXEDLEN,ISDYNAMIC,ISNOTSERIALIZE,version,id,dataTypeStyle,name,ATTRLEN,isReadOnly,ATTRMAXVALUE,deCode,accessorClassName,extTag,accessPowerGroup,dataType,SEQNO,dataFrom,displayName,precise,isHide,classid) values ('','',0,'','','','Y','','Y','','','N','','','N','N','N','','C78633A3-88F0-0001-16C7-C34015601BBB',300,'fg_checked','1','N','','','','','','BS000010000100001032','30','','是否被选中','','N','C71C4BDE-A9C0-0001-30AB-1E7817EC164F');
insert into dm_property (visibility,ATTRMINVALUE,proptype,isAccessPower,description,refModelName,isNullable,defaultValue,isCalculation,resID,isCustomAttr,isActive,dataFromRelInfo,refRelFldsData,ISFIXEDLEN,ISDYNAMIC,ISNOTSERIALIZE,version,id,dataTypeStyle,name,ATTRLEN,isReadOnly,ATTRMAXVALUE,deCode,accessorClassName,extTag,accessPowerGroup,dataType,SEQNO,dataFrom,displayName,precise,isHide,classid) values ('','',0,'','','','Y','','Y','','','N','','','N','N','N','','C7864FC6-8540-0001-6E37-1D0D12381924',300,'opdiagtreattmploropenmode','50','N','','','','','','BS000010000100001001','31','','治疗医疗单的开单模式','','N','C71C4BDE-A9C0-0001-30AB-1E7817EC164F');
insert into dm_property (visibility,ATTRMINVALUE,proptype,isAccessPower,description,refModelName,isNullable,defaultValue,isCalculation,resID,isCustomAttr,isActive,dataFromRelInfo,refRelFldsData,ISFIXEDLEN,ISDYNAMIC,ISNOTSERIALIZE,version,id,dataTypeStyle,name,ATTRLEN,isReadOnly,ATTRMAXVALUE,deCode,accessorClassName,extTag,accessPowerGroup,dataType,SEQNO,dataFrom,displayName,precise,isHide,classid) values ('','',0,'','','','Y','','Y','','','N','','','N','N','N','','C78C6EA0-DB20-0001-CA7E-1D731CC01640',300,'fg_clinical','1','N','','','','','','BS000010000100001032','32','','套内项目临床标识','','N','C71C4BDE-A9C0-0001-30AB-1E7817EC164F');
insert into dm_property (visibility,ATTRMINVALUE,proptype,isAccessPower,description,refModelName,isNullable,defaultValue,isCalculation,resID,isCustomAttr,isActive,dataFromRelInfo,refRelFldsData,ISFIXEDLEN,ISDYNAMIC,ISNOTSERIALIZE,version,id,dataTypeStyle,name,ATTRLEN,isReadOnly,ATTRMAXVALUE,deCode,accessorClassName,extTag,accessPowerGroup,dataType,SEQNO,dataFrom,displayName,precise,isHide,classid) values ('','',0,'','','','Y','','N','','','N','','','N','N','N','','C7D865CB-1B70-0001-C0B6-13E68440FB00',300,'times','10','N','','','','','','BS000010000100001004','33','','默认次数','','N','C71C4BDE-A9C0-0001-30AB-1E7817EC164F');
insert into dm_property (visibility,ATTRMINVALUE,proptype,isAccessPower,description,refModelName,isNullable,defaultValue,isCalculation,resID,isCustomAttr,isActive,dataFromRelInfo,refRelFldsData,ISFIXEDLEN,ISDYNAMIC,ISNOTSERIALIZE,version,id,dataTypeStyle,name,ATTRLEN,isReadOnly,ATTRMAXVALUE,deCode,accessorClassName,extTag,accessPowerGroup,dataType,SEQNO,dataFrom,displayName,precise,isHide,classid) values ('','',1,'','','sampletype','Y','','N','','','N','','1615c34b-0626-4fe4-a40b-13b1ff01ba33,name,名称,ortplnitm_samptp_name,名称,java.lang.String,varchar,bd_udidoc,id_udidoc,@@@@ZZ20000000000026;','N','N','N','','C7FD5C68-DB70-0001-99ED-121C10D12300',305,'id_samptp','20','N','','','','','','@@@@ZZ20000000000026','34','','标本类型ID','','N','C71C4BDE-A9C0-0001-30AB-1E7817EC164F');
insert into dm_property (visibility,ATTRMINVALUE,proptype,isAccessPower,description,refModelName,isNullable,defaultValue,isCalculation,resID,isCustomAttr,isActive,dataFromRelInfo,refRelFldsData,ISFIXEDLEN,ISDYNAMIC,ISNOTSERIALIZE,version,id,dataTypeStyle,name,ATTRLEN,isReadOnly,ATTRMAXVALUE,deCode,accessorClassName,extTag,accessPowerGroup,dataType,SEQNO,dataFrom,displayName,precise,isHide,classid) values ('','',0,'','','','Y','','N','','','N','','','N','N','N','','C7FD5C72-FA40-0001-D259-18D012C01823',300,'sd_samptp','50','N','','','','','','BS000010000100001001','35','','标本类型编码','','N','C71C4BDE-A9C0-0001-30AB-1E7817EC164F');
insert into dm_property (visibility,ATTRMINVALUE,proptype,isAccessPower,description,refModelName,isNullable,defaultValue,isCalculation,resID,isCustomAttr,isActive,dataFromRelInfo,refRelFldsData,ISFIXEDLEN,ISDYNAMIC,ISNOTSERIALIZE,version,id,dataTypeStyle,name,ATTRLEN,isReadOnly,ATTRMAXVALUE,deCode,accessorClassName,extTag,accessPowerGroup,dataType,SEQNO,dataFrom,displayName,precise,isHide,classid) values ('','',0,'','用于医保共享校验传递参数使用','','Y','','Y','','','N','','','N','N','N','','C80C6F53-9510-0001-9D65-3FE21A7C1EA4',300,'fg_selfpay','1','N','','','','','','BS000010000100001032','36','','自费标识','','N','C71C4BDE-A9C0-0001-30AB-1E7817EC164F');
insert into dm_property (visibility,ATTRMINVALUE,proptype,isAccessPower,description,refModelName,isNullable,defaultValue,isCalculation,resID,isCustomAttr,isActive,dataFromRelInfo,refRelFldsData,ISFIXEDLEN,ISDYNAMIC,ISNOTSERIALIZE,version,id,dataTypeStyle,name,ATTRLEN,isReadOnly,ATTRMAXVALUE,deCode,accessorClassName,extTag,accessPowerGroup,dataType,SEQNO,dataFrom,displayName,precise,isHide,classid) values ('','',0,'','','','Y','N','N','','','N','','','N','N','N','','C8115118-7320-0001-F978-1F3E61503F00',300,'fg_nothingwithorders','1','N','','','','','','BS000010000100001032','37','','付数无关标志','','N','C71C4BDE-A9C0-0001-30AB-1E7817EC164F');
insert into dm_property (visibility,ATTRMINVALUE,proptype,isAccessPower,description,refModelName,isNullable,defaultValue,isCalculation,resID,isCustomAttr,isActive,dataFromRelInfo,refRelFldsData,ISFIXEDLEN,ISDYNAMIC,ISNOTSERIALIZE,version,id,dataTypeStyle,name,ATTRLEN,isReadOnly,ATTRMAXVALUE,deCode,accessorClassName,extTag,accessPowerGroup,dataType,SEQNO,dataFrom,displayName,precise,isHide,classid) values ('','',1,'','','REF_BD_DEP','Y','','N','','','N','','C69442D6-F6A0-0001-B890-2CB911A04220,name,名称,name_dept_wh,名称,java.lang.String,varchar,bd_dep,id_dep,C6944296-49E0-0001-1F73-42F1DEB0E4E0;C69442D6-E8A0-0001-86A2-81A068431090,code,编码,code_dept_wh,编码,java.lang.String,varchar,bd_dep,id_dep,C6944296-49E0-0001-1F73-42F1DEB0E4E0;','N','N','N','','C813303A-C460-0001-9449-10105B80BE60',305,'id_dept_wh','20','N','','','','','','C6944296-49E0-0001-1F73-42F1DEB0E4E0','38','','发药科室','','N','C71C4BDE-A9C0-0001-30AB-1E7817EC164F');
insert into dm_property (visibility,ATTRMINVALUE,proptype,isAccessPower,description,refModelName,isNullable,defaultValue,isCalculation,resID,isCustomAttr,isActive,dataFromRelInfo,refRelFldsData,ISFIXEDLEN,ISDYNAMIC,ISNOTSERIALIZE,version,id,dataTypeStyle,name,ATTRLEN,isReadOnly,ATTRMAXVALUE,deCode,accessorClassName,extTag,accessPowerGroup,dataType,SEQNO,dataFrom,displayName,precise,isHide,classid) values ('','',0,'','','','Y','','Y','','','N','','','N','N','N','','C82C6DAE-4AA0-0001-1322-1FE11D602D30',300,'idsrvidmm','50','N','','','','','','BS000010000100001001','39','','参照的计算主键','','N','C71C4BDE-A9C0-0001-30AB-1E7817EC164F');
insert into dm_property (visibility,ATTRMINVALUE,proptype,isAccessPower,description,refModelName,isNullable,defaultValue,isCalculation,resID,isCustomAttr,isActive,dataFromRelInfo,refRelFldsData,ISFIXEDLEN,ISDYNAMIC,ISNOTSERIALIZE,version,id,dataTypeStyle,name,ATTRLEN,isReadOnly,ATTRMAXVALUE,deCode,accessorClassName,extTag,accessPowerGroup,dataType,SEQNO,dataFrom,displayName,precise,isHide,classid) values ('','',0,'','','','Y','','Y','','','N','','','N','N','N','','C8404160-CB60-0001-2C96-C1104E8D1FDC',300,'id_or_rel','50','N','','','','','','BS000010000100001001','40','','关联医嘱id（护嘱的需求）','','N','C71C4BDE-A9C0-0001-30AB-1E7817EC164F');
insert into dm_property (visibility,ATTRMINVALUE,proptype,isAccessPower,description,refModelName,isNullable,defaultValue,isCalculation,resID,isCustomAttr,isActive,dataFromRelInfo,refRelFldsData,ISFIXEDLEN,ISDYNAMIC,ISNOTSERIALIZE,version,id,dataTypeStyle,name,ATTRLEN,isReadOnly,ATTRMAXVALUE,deCode,accessorClassName,extTag,accessPowerGroup,dataType,SEQNO,dataFrom,displayName,precise,isHide,classid) values ('','',0,'','','','Y','','N','','','N','','','N','N','N','','C868760D-2820-0001-949B-1252132A1B9A',300,'name_srv','50','N','','','','','','BS000010000100001001','41','','服务名称','','N','C71C4BDE-A9C0-0001-30AB-1E7817EC164F');
insert into dm_property (visibility,ATTRMINVALUE,proptype,isAccessPower,description,refModelName,isNullable,defaultValue,isCalculation,resID,isCustomAttr,isActive,dataFromRelInfo,refRelFldsData,ISFIXEDLEN,ISDYNAMIC,ISNOTSERIALIZE,version,id,dataTypeStyle,name,ATTRLEN,isReadOnly,ATTRMAXVALUE,deCode,accessorClassName,extTag,accessPowerGroup,dataType,SEQNO,dataFrom,displayName,precise,isHide,classid) values ('','',0,'','','','Y','','Y','','','N','','','N','N','N','','C8687649-1E30-0001-A0AE-1B241A301D67',300,'des','50','N','','','','','','BS000010000100001001','42','','备注','','N','C71C4BDE-A9C0-0001-30AB-1E7817EC164F');
insert into dm_property (visibility,ATTRMINVALUE,proptype,isAccessPower,description,refModelName,isNullable,defaultValue,isCalculation,resID,isCustomAttr,isActive,dataFromRelInfo,refRelFldsData,ISFIXEDLEN,ISDYNAMIC,ISNOTSERIALIZE,version,id,dataTypeStyle,name,ATTRLEN,isReadOnly,ATTRMAXVALUE,deCode,accessorClassName,extTag,accessPowerGroup,dataType,SEQNO,dataFrom,displayName,precise,isHide,classid) values ('','',0,'','','','Y','','Y','','','N','','','N','N','N','','C868764F-0F50-0001-8B65-1100C73E7A90',300,'dt_effe','19','N','','','','','','BS000010000100001034','43','','开始时间','','N','C71C4BDE-A9C0-0001-30AB-1E7817EC164F');
insert into dm_property (visibility,ATTRMINVALUE,proptype,isAccessPower,description,refModelName,isNullable,defaultValue,isCalculation,resID,isCustomAttr,isActive,dataFromRelInfo,refRelFldsData,ISFIXEDLEN,ISDYNAMIC,ISNOTSERIALIZE,version,id,dataTypeStyle,name,ATTRLEN,isReadOnly,ATTRMAXVALUE,deCode,accessorClassName,extTag,accessPowerGroup,dataType,SEQNO,dataFrom,displayName,precise,isHide,classid) values ('','',0,'','','','Y','','Y','','','N','','','N','N','N','','C877089F-31E0-0001-EC12-19A0D41AA4B0',300,'fg_boil','1','N','','','','','','BS000010000100001032','44','','是否代煎','','N','C71C4BDE-A9C0-0001-30AB-1E7817EC164F');
insert into dm_property (visibility,ATTRMINVALUE,proptype,isAccessPower,description,refModelName,isNullable,defaultValue,isCalculation,resID,isCustomAttr,isActive,dataFromRelInfo,refRelFldsData,ISFIXEDLEN,ISDYNAMIC,ISNOTSERIALIZE,version,id,dataTypeStyle,name,ATTRLEN,isReadOnly,ATTRMAXVALUE,deCode,accessorClassName,extTag,accessPowerGroup,dataType,SEQNO,dataFrom,displayName,precise,isHide,classid) values ('','',0,'','','','Y','','N','','','N','','','N','N','N','','C87C27EE-FD20-0001-E5F0-EE9919401F15',300,'fg_wholepack','1','N','','','','','','BS000010000100001032','45','','在院整领标识','','N','C71C4BDE-A9C0-0001-30AB-1E7817EC164F');
insert into dm_property (visibility,ATTRMINVALUE,proptype,isAccessPower,description,refModelName,isNullable,defaultValue,isCalculation,resID,isCustomAttr,isActive,dataFromRelInfo,refRelFldsData,ISFIXEDLEN,ISDYNAMIC,ISNOTSERIALIZE,version,id,dataTypeStyle,name,ATTRLEN,isReadOnly,ATTRMAXVALUE,deCode,accessorClassName,extTag,accessPowerGroup,dataType,SEQNO,dataFrom,displayName,precise,isHide,classid) values ('','',0,'','','','Y','','N','','','N','','','N','N','N','','C8C15229-5D80-0001-54FF-1BB017904430',300,'fg_pres_outp','1','N','','','','','','BS000010000100001032','46','','出院带药标识','','N','C71C4BDE-A9C0-0001-30AB-1E7817EC164F');
insert into dm_property (visibility,ATTRMINVALUE,proptype,isAccessPower,description,refModelName,isNullable,defaultValue,isCalculation,resID,isCustomAttr,isActive,dataFromRelInfo,refRelFldsData,ISFIXEDLEN,ISDYNAMIC,ISNOTSERIALIZE,version,id,dataTypeStyle,name,ATTRLEN,isReadOnly,ATTRMAXVALUE,deCode,accessorClassName,extTag,accessPowerGroup,dataType,SEQNO,dataFrom,displayName,precise,isHide,classid) values ('','',2,'','','','Y','','N','','','N','','','N','N','N','','C87C2807-34C0-0001-49B8-209614721430',305,'id_drugdeliverymethod','20','N','','','','','','BS000010000100001001','47','','领药方式ID','','N','C71C4BDE-A9C0-0001-30AB-1E7817EC164F');
insert into dm_property (visibility,ATTRMINVALUE,proptype,isAccessPower,description,refModelName,isNullable,defaultValue,isCalculation,resID,isCustomAttr,isActive,dataFromRelInfo,refRelFldsData,ISFIXEDLEN,ISDYNAMIC,ISNOTSERIALIZE,version,id,dataTypeStyle,name,ATTRLEN,isReadOnly,ATTRMAXVALUE,deCode,accessorClassName,extTag,accessPowerGroup,dataType,SEQNO,dataFrom,displayName,precise,isHide,classid) values ('','',0,'','','','Y','','N','','','N','','','N','N','N','','C87C2818-DC00-0001-98AF-1A1314EC1894',300,'sd_drugdeliverymethod','50','N','','','','','','BS000010000100001001','48','','领药方式编码','','N','C71C4BDE-A9C0-0001-30AB-1E7817EC164F');
insert into dm_property (visibility,ATTRMINVALUE,proptype,isAccessPower,description,refModelName,isNullable,defaultValue,isCalculation,resID,isCustomAttr,isActive,dataFromRelInfo,refRelFldsData,ISFIXEDLEN,ISDYNAMIC,ISNOTSERIALIZE,version,id,dataTypeStyle,name,ATTRLEN,isReadOnly,ATTRMAXVALUE,deCode,accessorClassName,extTag,accessPowerGroup,dataType,SEQNO,dataFrom,displayName,precise,isHide,classid) values ('','',0,'','','','Y','','N','','','N','','','N','N','N','','C87C2818-E6B0-0001-56BB-14BBDE541F08',300,'name_drugdeliverymethod','50','N','','','','','','BS000010000100001001','49','','领药方式名称','','N','C71C4BDE-A9C0-0001-30AB-1E7817EC164F');
insert into dm_property (visibility,ATTRMINVALUE,proptype,isAccessPower,description,refModelName,isNullable,defaultValue,isCalculation,resID,isCustomAttr,isActive,dataFromRelInfo,refRelFldsData,ISFIXEDLEN,ISDYNAMIC,ISNOTSERIALIZE,version,id,dataTypeStyle,name,ATTRLEN,isReadOnly,ATTRMAXVALUE,deCode,accessorClassName,extTag,accessPowerGroup,dataType,SEQNO,dataFrom,displayName,precise,isHide,classid) values ('','',0,'','','','Y','','N','','','N','','','N','N','N','','C897CAAC-7620-0001-5BE7-CFC013A081A0',300,'quan_medu_cur','16','N','','','','','','BS000010000100001031','50','','当前剂量',2,'N','C71C4BDE-A9C0-0001-30AB-1E7817EC164F');
insert into dm_property (visibility,ATTRMINVALUE,proptype,isAccessPower,description,refModelName,isNullable,defaultValue,isCalculation,resID,isCustomAttr,isActive,dataFromRelInfo,refRelFldsData,ISFIXEDLEN,ISDYNAMIC,ISNOTSERIALIZE,version,id,dataTypeStyle,name,ATTRLEN,isReadOnly,ATTRMAXVALUE,deCode,accessorClassName,extTag,accessPowerGroup,dataType,SEQNO,dataFrom,displayName,precise,isHide,classid) values ('','',1,'','','','Y','','N','','','N','','','N','N','N','','C897CAAC-7AA0-0001-89A1-FF2215478D90',305,'id_medu_cur','20','N','','','','','','C6B0904C-6A70-0001-4A1A-1AA09FA01410','51','','当前剂量单位','','N','C71C4BDE-A9C0-0001-30AB-1E7817EC164F');
insert into dm_property (visibility,ATTRMINVALUE,proptype,isAccessPower,description,refModelName,isNullable,defaultValue,isCalculation,resID,isCustomAttr,isActive,dataFromRelInfo,refRelFldsData,ISFIXEDLEN,ISDYNAMIC,ISNOTSERIALIZE,version,id,dataTypeStyle,name,ATTRLEN,isReadOnly,ATTRMAXVALUE,deCode,accessorClassName,extTag,accessPowerGroup,dataType,SEQNO,dataFrom,displayName,precise,isHide,classid) values ('','',0,'','','','Y','','N','','','N','','','N','N','N','','C897CAAC-85A0-0001-455E-CCD07FB0D800',300,'factor_cur','16','N','','','','','','BS000010000100001031','52','','当前换算系数',2,'N','C71C4BDE-A9C0-0001-30AB-1E7817EC164F');
insert into dm_property (visibility,ATTRMINVALUE,proptype,isAccessPower,description,refModelName,isNullable,defaultValue,isCalculation,resID,isCustomAttr,isActive,dataFromRelInfo,refRelFldsData,ISFIXEDLEN,ISDYNAMIC,ISNOTSERIALIZE,version,id,dataTypeStyle,name,ATTRLEN,isReadOnly,ATTRMAXVALUE,deCode,accessorClassName,extTag,accessPowerGroup,dataType,SEQNO,dataFrom,displayName,precise,isHide,classid) values ('','',0,'','','','Y','','Y','','','N','','','N','N','N','','C8983594-F8A0-0001-4EEC-1AB093801E35',300,'factor_mb','16','N','','','','','','BS000010000100001031','53','','换算系数',2,'N','C71C4BDE-A9C0-0001-30AB-1E7817EC164F');
insert into dm_property (visibility,ATTRMINVALUE,proptype,isAccessPower,description,refModelName,isNullable,defaultValue,isCalculation,resID,isCustomAttr,isActive,dataFromRelInfo,refRelFldsData,ISFIXEDLEN,ISDYNAMIC,ISNOTSERIALIZE,version,id,dataTypeStyle,name,ATTRLEN,isReadOnly,ATTRMAXVALUE,deCode,accessorClassName,extTag,accessPowerGroup,dataType,SEQNO,dataFrom,displayName,precise,isHide,classid) values ('','',1,'','','','Y','','N','','','N','','','N','N','N','','C8A841C9-BE60-0001-6C63-DABAF5E66870',305,'id_excessive_reason','500','N','','','','','','@@@@BZ400000000001AI','54','','超量开单原因id','','N','C71C4BDE-A9C0-0001-30AB-1E7817EC164F');
insert into dm_property (visibility,ATTRMINVALUE,proptype,isAccessPower,description,refModelName,isNullable,defaultValue,isCalculation,resID,isCustomAttr,isActive,dataFromRelInfo,refRelFldsData,ISFIXEDLEN,ISDYNAMIC,ISNOTSERIALIZE,version,id,dataTypeStyle,name,ATTRLEN,isReadOnly,ATTRMAXVALUE,deCode,accessorClassName,extTag,accessPowerGroup,dataType,SEQNO,dataFrom,displayName,precise,isHide,classid) values ('','',0,'','','','Y','','N','','','N','','','N','N','N','','C8A841D7-9830-0001-D575-AE4025906480',300,'sd_excessive_reason','500','N','','','','','','BS000010000100001001','55','','超量开单原因sd','','N','C71C4BDE-A9C0-0001-30AB-1E7817EC164F');
insert into dm_property (visibility,ATTRMINVALUE,proptype,isAccessPower,description,refModelName,isNullable,defaultValue,isCalculation,resID,isCustomAttr,isActive,dataFromRelInfo,refRelFldsData,ISFIXEDLEN,ISDYNAMIC,ISNOTSERIALIZE,version,id,dataTypeStyle,name,ATTRLEN,isReadOnly,ATTRMAXVALUE,deCode,accessorClassName,extTag,accessPowerGroup,dataType,SEQNO,dataFrom,displayName,precise,isHide,classid) values ('','',0,'','','','Y','','N','','','N','','','N','N','N','','C8A84352-D580-0001-A965-7DB090A8EE20',300,'name_excessive_reason','50','N','','','','','','BS000010000100001001','56','','超量开单原因名称','','N','C71C4BDE-A9C0-0001-30AB-1E7817EC164F');
insert into dm_property (visibility,ATTRMINVALUE,proptype,isAccessPower,description,refModelName,isNullable,defaultValue,isCalculation,resID,isCustomAttr,isActive,dataFromRelInfo,refRelFldsData,ISFIXEDLEN,ISDYNAMIC,ISNOTSERIALIZE,version,id,dataTypeStyle,name,ATTRLEN,isReadOnly,ATTRMAXVALUE,deCode,accessorClassName,extTag,accessPowerGroup,dataType,SEQNO,dataFrom,displayName,precise,isHide,classid) values ('','',0,'','','','Y','','N','','','N','','','N','N','N','','C8AF46F9-D6A0-0001-BA49-3CA618F913C5',300,'fg_skintest','1','N','','','','','','BS000010000100001032','57','','皮试标志','','N','C71C4BDE-A9C0-0001-30AB-1E7817EC164F');
delete dm_enumvalue where  id = 'C71E3BE8-9860-0001-5186-A51D156016C0';
insert into dm_enumvalue (id,SEQNO,description,isHide,code,resID,value,name) values ('C71E3BE8-9860-0001-5186-A51D156016C0','1','基础医嘱模板','N','OrTmpl','','0','模板');
insert into dm_enumvalue (id,SEQNO,description,isHide,code,resID,value,name) values ('C71E3BE8-9860-0001-5186-A51D156016C0','2','医疗服务','N','Srv','','1','服务');
insert into dm_enumvalue (id,SEQNO,description,isHide,code,resID,value,name) values ('C71E3BE8-9860-0001-5186-A51D156016C0','3','服务套','N','SrvSet','','2','套');
delete dm_bizitfmap where classid ='C71C1DD4-60D0-0001-64C6-A7E0554C11BF';
insert into dm_bizitfmap(bizitfid,bizitfimpclassname,bizitfattrid,classid,classattrpath,classattrid,industry,versiontype) values('C688E44C-FB70-0001-6B84-DB3019758E30','IAuditInfo','C688E467-6D60-0001-F05D-16F0EA343380','C71C1DD4-60D0-0001-64C6-A7E0554C11BF','','C71C1F81-3A10-0001-D7FB-B960A9441CF7',0,0);
insert into dm_bizitfmap(bizitfid,bizitfimpclassname,bizitfattrid,classid,classattrpath,classattrid,industry,versiontype) values('C688E44C-FB70-0001-6B84-DB3019758E30','IAuditInfo','C688E48B-C440-0001-2952-D4304B671E01','C71C1DD4-60D0-0001-64C6-A7E0554C11BF','','C71C1F81-3A10-0001-10D1-17FA10171DB3',0,0);
insert into dm_bizitfmap(bizitfid,bizitfimpclassname,bizitfattrid,classid,classattrpath,classattrid,industry,versiontype) values('C688E44C-FB70-0001-6B84-DB3019758E30','IAuditInfo','C688E499-2530-0001-6EBD-C300189C1764','C71C1DD4-60D0-0001-64C6-A7E0554C11BF','','C71C1F81-3A20-0001-1A73-E7EA14306D80',0,0);
insert into dm_bizitfmap(bizitfid,bizitfimpclassname,bizitfattrid,classid,classattrpath,classattrid,industry,versiontype) values('C688E44C-FB70-0001-6B84-DB3019758E30','IAuditInfo','C688E4A4-8280-0001-3FE0-6E501F4015EB','C71C1DD4-60D0-0001-64C6-A7E0554C11BF','','C71C1F81-3A20-0001-C7F7-27F0263F15C3',0,0);
insert into dm_bizitfmap(bizitfid,bizitfimpclassname,bizitfattrid,classid,classattrpath,classattrid,industry,versiontype) values('C687AFE1-C840-0001-5F9A-96AA6C8AC060','ibddatainfo','C687B032-D910-0001-9CE2-D240F4B01273','C71C1DD4-60D0-0001-64C6-A7E0554C11BF','','C71C1DD7-30F0-0001-F325-16A616608560',0,0);
insert into dm_bizitfmap(bizitfid,bizitfimpclassname,bizitfattrid,classid,classattrpath,classattrid,industry,versiontype) values('C687AFE1-C840-0001-5F9A-96AA6C8AC060','ibddatainfo','C687B032-FE20-0001-B0F0-16C011401ED8','C71C1DD4-60D0-0001-64C6-A7E0554C11BF','','C71C1DD7-49D0-0001-2095-144A76008710',0,0);
insert into dm_bizitfmap(bizitfid,bizitfimpclassname,bizitfattrid,classid,classattrpath,classattrid,industry,versiontype) values('C687AFE1-C840-0001-5F9A-96AA6C8AC060','ibddatainfo','C687B033-1780-0001-21B3-11A01BA08540','C71C1DD4-60D0-0001-64C6-A7E0554C11BF','','C71C1DD7-6E50-0001-DD68-504016001E40',0,0);
insert into dm_bizitfmap(bizitfid,bizitfimpclassname,bizitfattrid,classid,classattrpath,classattrid,industry,versiontype) values('C687AFE1-C840-0001-5F9A-96AA6C8AC060','ibddatainfo','C687B03C-09C0-0001-4DCE-10201A036190','C71C1DD4-60D0-0001-64C6-A7E0554C11BF','','C71C1DD7-7AE0-0001-BE1A-FD491AA318F7',0,0);
insert into dm_bizitfmap(bizitfid,bizitfimpclassname,bizitfattrid,classid,classattrpath,classattrid,industry,versiontype) values('C687AFE1-C840-0001-5F9A-96AA6C8AC060','ibddatainfo','C687B041-A510-0001-724F-C0971F041F48','C71C1DD4-60D0-0001-64C6-A7E0554C11BF','','C71C1DD7-3D50-0001-74CB-1980B4D01842',0,0);
insert into dm_bizitfmap(bizitfid,bizitfimpclassname,bizitfattrid,classid,classattrpath,classattrid,industry,versiontype) values('C687AFE1-C840-0001-5F9A-96AA6C8AC060','ibddatainfo','C69DF07C-A9B0-0001-2E57-17C3190818A3','C71C1DD4-60D0-0001-64C6-A7E0554C11BF','','C71C1DF9-ABD0-0001-89B1-361A1EB0D850',0,0);
insert into dm_bizitfmap(bizitfid,bizitfimpclassname,bizitfattrid,classid,classattrpath,classattrid,industry,versiontype) values('C687AFE1-C840-0001-5F9A-96AA6C8AC060','ibddatainfo','C69DF07C-D190-0001-96B7-A60089781F64','C71C1DD4-60D0-0001-64C6-A7E0554C11BF','','C71C1DF9-AB80-0001-3895-1BA319FD154A',0,0);
insert into dm_bizitfmap(bizitfid,bizitfimpclassname,bizitfattrid,classid,classattrpath,classattrid,industry,versiontype) values('C687AFE1-C840-0001-5F9A-96AA6C8AC060','ibddatainfo','C69DF07E-58F0-0001-99B7-18E087181886','C71C1DD4-60D0-0001-64C6-A7E0554C11BF','','C71C1DF9-AC10-0001-E753-148F11401F48',0,0);
